This file contains any messages produced by compilers while
running configure, to aid debugging if configure makes a mistake.

It was created by configure, which was
generated by GNU Autoconf 2.71.  Invocation command line was

  $ ./configure

## --------- ##
## Platform. ##
## --------- ##

hostname = Q4OS-1
uname -m = x86_64
uname -r = 6.6.41-x64v4-xanmod1
uname -s = Linux
uname -v = #0~20240718.gcc6b5f1 SMP PREEMPT_DYNAMIC Thu Jul 18 17:43:33 UTC

/usr/bin/uname -p = unknown
/bin/uname -X     = unknown

/bin/arch              = x86_64
/usr/bin/arch -k       = unknown
/usr/convex/getsysinfo = unknown
/usr/bin/hostinfo      = unknown
/bin/machine           = unknown
/usr/bin/oslevel       = unknown
/bin/universe          = unknown

PATH: /home/cdef/.local/bin/
PATH: /home/cdef/.cargo/bin/
PATH: /home/cdef/.local/bin/
PATH: /home/cdef/bin/
PATH: /usr/local/bin/
PATH: /opt/trinity/bin/
PATH: /usr/bin/
PATH: /bin/
PATH: /usr/local/games/
PATH: /opt/trinity/games/
PATH: /usr/games/
PATH: /home/cdef/.dotnet/tools/


## ----------- ##
## Core tests. ##
## ----------- ##

configure:3192: looking for aux files: ltmain.sh compile missing install-sh config.guess config.sub
configure:3205:  trying ./admin/
configure:3234:   ./admin/ltmain.sh found
configure:3234:   ./admin/compile found
configure:3234:   ./admin/missing found
configure:3216:   ./admin/install-sh found
configure:3234:   ./admin/config.guess found
configure:3234:   ./admin/config.sub found
configure:3356: checking build system type
configure:3371: result: x86_64-pc-linux-gnu
configure:3391: checking host system type
configure:3405: result: x86_64-pc-linux-gnu
configure:3425: checking target system type
configure:3439: result: x86_64-pc-linux-gnu
configure:3499: checking for a BSD-compatible install
configure:3572: result: /usr/bin/install -c
configure:3587: checking for -p flag to install
configure:3600: result: yes
configure:3611: checking whether build environment is sane
configure:3666: result: yes
configure:3691: WARNING: 'missing' script is too old or missing
configure:3815: checking for a race-free mkdir -p
configure:3859: result: /usr/bin/mkdir -p
configure:3866: checking for gawk
configure:3887: found /usr/bin/gawk
configure:3898: result: gawk
configure:3909: checking whether make sets $(MAKE)
configure:3932: result: yes
configure:3962: checking whether make supports nested variables
configure:3980: result: yes
configure:4135: checking for tde-config
configure:4194: result: /opt/trinity/bin/tde-config
configure:4281: checking where to install
configure:4285: result: /opt/trinity (as returned by tde-config)
configure:4391: checking for gcc
configure:4412: found /usr/bin/gcc
configure:4423: result: gcc
configure:4776: checking for C compiler version
configure:4785: gcc --version >&5
gcc (Debian 12.2.0-14) 12.2.0
Copyright (C) 2022 Free Software Foundation, Inc.
This is free software; see the source for copying conditions.  There is NO
warranty; not even for MERCHANTABILITY or FITNESS FOR A PARTICULAR PURPOSE.

configure:4796: $? = 0
configure:4785: gcc -v >&5
Using built-in specs.
COLLECT_GCC=gcc
COLLECT_LTO_WRAPPER=/usr/lib/gcc/x86_64-linux-gnu/12/lto-wrapper
OFFLOAD_TARGET_NAMES=nvptx-none:amdgcn-amdhsa
OFFLOAD_TARGET_DEFAULT=1
Target: x86_64-linux-gnu
Configured with: ../src/configure -v --with-pkgversion='Debian 12.2.0-14' --with-bugurl=file:///usr/share/doc/gcc-12/README.Bugs --enable-languages=c,ada,c++,go,d,fortran,objc,obj-c++,m2 --prefix=/usr --with-gcc-major-version-only --program-suffix=-12 --program-prefix=x86_64-linux-gnu- --enable-shared --enable-linker-build-id --libexecdir=/usr/lib --without-included-gettext --enable-threads=posix --libdir=/usr/lib --enable-nls --enable-clocale=gnu --enable-libstdcxx-debug --enable-libstdcxx-time=yes --with-default-libstdcxx-abi=new --enable-gnu-unique-object --disable-vtable-verify --enable-plugin --enable-default-pie --with-system-zlib --enable-libphobos-checking=release --with-target-system-zlib=auto --enable-objc-gc=auto --enable-multiarch --disable-werror --enable-cet --with-arch-32=i686 --with-abi=m64 --with-multilib-list=m32,m64,mx32 --enable-multilib --with-tune=generic --enable-offload-targets=nvptx-none=/build/gcc-12-bTRWOB/gcc-12-12.2.0/debian/tmp-nvptx/usr,amdgcn-amdhsa=/build/gcc-12-bTRWOB/gcc-12-12.2.0/debian/tmp-gcn/usr --enable-offload-defaulted --without-cuda-driver --enable-checking=release --build=x86_64-linux-gnu --host=x86_64-linux-gnu --target=x86_64-linux-gnu
Thread model: posix
Supported LTO compression algorithms: zlib zstd
gcc version 12.2.0 (Debian 12.2.0-14) 
... rest of stderr output deleted ...
configure:4796: $? = 0
configure:4785: gcc -V >&5
gcc: error: unrecognized command-line option '-V'
gcc: fatal error: no input files
compilation terminated.
configure:4796: $? = 1
configure:4785: gcc -qversion >&5
gcc: error: unrecognized command-line option '-qversion'; did you mean '--version'?
gcc: fatal error: no input files
compilation terminated.
configure:4796: $? = 1
configure:4785: gcc -version >&5
gcc: error: unrecognized command-line option '-version'
gcc: fatal error: no input files
compilation terminated.
configure:4796: $? = 1
configure:4816: checking whether the C compiler works
configure:4838: gcc    conftest.c  >&5
configure:4842: $? = 0
configure:4892: result: yes
configure:4895: checking for C compiler default output file name
configure:4897: result: a.out
configure:4903: checking for suffix of executables
configure:4910: gcc -o conftest    conftest.c  >&5
configure:4914: $? = 0
configure:4937: result: 
configure:4959: checking whether we are cross compiling
configure:4967: gcc -o conftest    conftest.c  >&5
configure:4971: $? = 0
configure:4978: ./conftest
configure:4982: $? = 0
configure:4997: result: no
configure:5002: checking for suffix of object files
configure:5025: gcc -c   conftest.c >&5
configure:5029: $? = 0
configure:5051: result: o
configure:5055: checking whether the compiler supports GNU C
configure:5075: gcc -c   conftest.c >&5
configure:5075: $? = 0
configure:5085: result: yes
configure:5096: checking whether gcc accepts -g
configure:5117: gcc -c -g  conftest.c >&5
configure:5117: $? = 0
configure:5161: result: yes
configure:5181: checking for gcc option to enable C11 features
configure:5196: gcc  -c -g -O2  conftest.c >&5
configure:5196: $? = 0
configure:5214: result: none needed
configure:5330: checking whether gcc understands -c and -o together
configure:5353: gcc -c conftest.c -o conftest2.o
configure:5356: $? = 0
configure:5353: gcc -c conftest.c -o conftest2.o
configure:5356: $? = 0
configure:5368: result: yes
configure:5388: checking whether make supports the include directive
configure:5403: make -f confmf.GNU && cat confinc.out
this is the am__doit target
configure:5406: $? = 0
configure:5425: result: yes (GNU style)
configure:5451: checking dependency style of gcc
configure:5563: result: gcc3
configure:5647: checking for g++
configure:5668: found /usr/bin/g++
configure:5679: result: g++
configure:5706: checking for C++ compiler version
configure:5715: g++ --version >&5
g++ (Debian 12.2.0-14) 12.2.0
Copyright (C) 2022 Free Software Foundation, Inc.
This is free software; see the source for copying conditions.  There is NO
warranty; not even for MERCHANTABILITY or FITNESS FOR A PARTICULAR PURPOSE.

configure:5726: $? = 0
configure:5715: g++ -v >&5
Using built-in specs.
COLLECT_GCC=g++
COLLECT_LTO_WRAPPER=/usr/lib/gcc/x86_64-linux-gnu/12/lto-wrapper
OFFLOAD_TARGET_NAMES=nvptx-none:amdgcn-amdhsa
OFFLOAD_TARGET_DEFAULT=1
Target: x86_64-linux-gnu
Configured with: ../src/configure -v --with-pkgversion='Debian 12.2.0-14' --with-bugurl=file:///usr/share/doc/gcc-12/README.Bugs --enable-languages=c,ada,c++,go,d,fortran,objc,obj-c++,m2 --prefix=/usr --with-gcc-major-version-only --program-suffix=-12 --program-prefix=x86_64-linux-gnu- --enable-shared --enable-linker-build-id --libexecdir=/usr/lib --without-included-gettext --enable-threads=posix --libdir=/usr/lib --enable-nls --enable-clocale=gnu --enable-libstdcxx-debug --enable-libstdcxx-time=yes --with-default-libstdcxx-abi=new --enable-gnu-unique-object --disable-vtable-verify --enable-plugin --enable-default-pie --with-system-zlib --enable-libphobos-checking=release --with-target-system-zlib=auto --enable-objc-gc=auto --enable-multiarch --disable-werror --enable-cet --with-arch-32=i686 --with-abi=m64 --with-multilib-list=m32,m64,mx32 --enable-multilib --with-tune=generic --enable-offload-targets=nvptx-none=/build/gcc-12-bTRWOB/gcc-12-12.2.0/debian/tmp-nvptx/usr,amdgcn-amdhsa=/build/gcc-12-bTRWOB/gcc-12-12.2.0/debian/tmp-gcn/usr --enable-offload-defaulted --without-cuda-driver --enable-checking=release --build=x86_64-linux-gnu --host=x86_64-linux-gnu --target=x86_64-linux-gnu
Thread model: posix
Supported LTO compression algorithms: zlib zstd
gcc version 12.2.0 (Debian 12.2.0-14) 
... rest of stderr output deleted ...
configure:5726: $? = 0
configure:5715: g++ -V >&5
g++: error: unrecognized command-line option '-V'
g++: fatal error: no input files
compilation terminated.
configure:5726: $? = 1
configure:5715: g++ -qversion >&5
g++: error: unrecognized command-line option '-qversion'; did you mean '--version'?
g++: fatal error: no input files
compilation terminated.
configure:5726: $? = 1
configure:5730: checking whether the compiler supports GNU C++
configure:5750: g++ -c   conftest.cpp >&5
configure:5750: $? = 0
configure:5760: result: yes
configure:5771: checking whether g++ accepts -g
configure:5792: g++ -c -g  conftest.cpp >&5
configure:5792: $? = 0
configure:5836: result: yes
configure:5856: checking for g++ option to enable C++11 features
configure:5871: g++  -c -g -O2  conftest.cpp >&5
conftest.cpp: In function 'int main(int, char**)':
conftest.cpp:177:25: warning: empty parentheses were disambiguated as a function declaration [-Wvexing-parse]
  177 |   cxx11test::delegate d2();
      |                         ^~
conftest.cpp:177:25: note: remove parentheses to default-initialize a variable
  177 |   cxx11test::delegate d2();
      |                         ^~
      |                         --
conftest.cpp:177:25: note: or replace parentheses with braces to value-initialize a variable
configure:5871: $? = 0
configure:5889: result: none needed
configure:5955: checking dependency style of g++
configure:6067: result: gcc3
configure:6091: checking whether g++ supports C++11 features by default
configure:6114: g++ -c -g -O2  conftest.cpp >&5
configure:6114: $? = 0
configure:6122: result: yes
configure:6263: checking for stdio.h
configure:6263: gcc -c -g -O2  conftest.c >&5
configure:6263: $? = 0
configure:6263: result: yes
configure:6263: checking for stdlib.h
configure:6263: gcc -c -g -O2  conftest.c >&5
configure:6263: $? = 0
configure:6263: result: yes
configure:6263: checking for string.h
configure:6263: gcc -c -g -O2  conftest.c >&5
configure:6263: $? = 0
configure:6263: result: yes
configure:6263: checking for inttypes.h
configure:6263: gcc -c -g -O2  conftest.c >&5
configure:6263: $? = 0
configure:6263: result: yes
configure:6263: checking for stdint.h
configure:6263: gcc -c -g -O2  conftest.c >&5
configure:6263: $? = 0
configure:6263: result: yes
configure:6263: checking for strings.h
configure:6263: gcc -c -g -O2  conftest.c >&5
configure:6263: $? = 0
configure:6263: result: yes
configure:6263: checking for sys/stat.h
configure:6263: gcc -c -g -O2  conftest.c >&5
configure:6263: $? = 0
configure:6263: result: yes
configure:6263: checking for sys/types.h
configure:6263: gcc -c -g -O2  conftest.c >&5
configure:6263: $? = 0
configure:6263: result: yes
configure:6263: checking for unistd.h
configure:6263: gcc -c -g -O2  conftest.c >&5
configure:6263: $? = 0
configure:6263: result: yes
configure:6421: checking for gcc
configure:6453: result: gcc
configure:6806: checking for C compiler version
configure:6815: gcc --version >&5
gcc (Debian 12.2.0-14) 12.2.0
Copyright (C) 2022 Free Software Foundation, Inc.
This is free software; see the source for copying conditions.  There is NO
warranty; not even for MERCHANTABILITY or FITNESS FOR A PARTICULAR PURPOSE.

configure:6826: $? = 0
configure:6815: gcc -v >&5
Using built-in specs.
COLLECT_GCC=gcc
COLLECT_LTO_WRAPPER=/usr/lib/gcc/x86_64-linux-gnu/12/lto-wrapper
OFFLOAD_TARGET_NAMES=nvptx-none:amdgcn-amdhsa
OFFLOAD_TARGET_DEFAULT=1
Target: x86_64-linux-gnu
Configured with: ../src/configure -v --with-pkgversion='Debian 12.2.0-14' --with-bugurl=file:///usr/share/doc/gcc-12/README.Bugs --enable-languages=c,ada,c++,go,d,fortran,objc,obj-c++,m2 --prefix=/usr --with-gcc-major-version-only --program-suffix=-12 --program-prefix=x86_64-linux-gnu- --enable-shared --enable-linker-build-id --libexecdir=/usr/lib --without-included-gettext --enable-threads=posix --libdir=/usr/lib --enable-nls --enable-clocale=gnu --enable-libstdcxx-debug --enable-libstdcxx-time=yes --with-default-libstdcxx-abi=new --enable-gnu-unique-object --disable-vtable-verify --enable-plugin --enable-default-pie --with-system-zlib --enable-libphobos-checking=release --with-target-system-zlib=auto --enable-objc-gc=auto --enable-multiarch --disable-werror --enable-cet --with-arch-32=i686 --with-abi=m64 --with-multilib-list=m32,m64,mx32 --enable-multilib --with-tune=generic --enable-offload-targets=nvptx-none=/build/gcc-12-bTRWOB/gcc-12-12.2.0/debian/tmp-nvptx/usr,amdgcn-amdhsa=/build/gcc-12-bTRWOB/gcc-12-12.2.0/debian/tmp-gcn/usr --enable-offload-defaulted --without-cuda-driver --enable-checking=release --build=x86_64-linux-gnu --host=x86_64-linux-gnu --target=x86_64-linux-gnu
Thread model: posix
Supported LTO compression algorithms: zlib zstd
gcc version 12.2.0 (Debian 12.2.0-14) 
... rest of stderr output deleted ...
configure:6826: $? = 0
configure:6815: gcc -V >&5
gcc: error: unrecognized command-line option '-V'
gcc: fatal error: no input files
compilation terminated.
configure:6826: $? = 1
configure:6815: gcc -qversion >&5
gcc: error: unrecognized command-line option '-qversion'; did you mean '--version'?
gcc: fatal error: no input files
compilation terminated.
configure:6826: $? = 1
configure:6815: gcc -version >&5
gcc: error: unrecognized command-line option '-version'
gcc: fatal error: no input files
compilation terminated.
configure:6826: $? = 1
configure:6830: checking whether the compiler supports GNU C
configure:6860: result: yes
configure:6871: checking whether gcc accepts -g
configure:6936: result: yes
configure:6956: checking for gcc option to enable C11 features
configure:6989: result: none needed
configure:7105: checking whether gcc understands -c and -o together
configure:7143: result: yes
configure:7162: checking dependency style of gcc
configure:7274: result: gcc3
configure:7295: checking how to run the C preprocessor
configure:7321: gcc -E  conftest.c
configure:7321: $? = 0
configure:7336: gcc -E  conftest.c
conftest.c:22:10: fatal error: ac_nonexistent.h: No such file or directory
   22 | #include <ac_nonexistent.h>
      |          ^~~~~~~~~~~~~~~~~~
compilation terminated.
configure:7336: $? = 1
configure: failed program was:
| /* confdefs.h */
| #define PACKAGE_NAME ""
| #define PACKAGE_TARNAME ""
| #define PACKAGE_VERSION ""
| #define PACKAGE_STRING ""
| #define PACKAGE_BUGREPORT ""
| #define PACKAGE_URL ""
| #define PACKAGE "qsidebar_applet"
| #define VERSION "0.1"
| #define HAVE_CXX11 1
| #define HAVE_STDIO_H 1
| #define HAVE_STDLIB_H 1
| #define HAVE_STRING_H 1
| #define HAVE_INTTYPES_H 1
| #define HAVE_STDINT_H 1
| #define HAVE_STRINGS_H 1
| #define HAVE_SYS_STAT_H 1
| #define HAVE_SYS_TYPES_H 1
| #define HAVE_UNISTD_H 1
| #define STDC_HEADERS 1
| /* end confdefs.h.  */
| #include <ac_nonexistent.h>
configure:7363: result: gcc -E
configure:7377: gcc -E  conftest.c
configure:7377: $? = 0
configure:7392: gcc -E  conftest.c
conftest.c:22:10: fatal error: ac_nonexistent.h: No such file or directory
   22 | #include <ac_nonexistent.h>
      |          ^~~~~~~~~~~~~~~~~~
compilation terminated.
configure:7392: $? = 1
configure: failed program was:
| /* confdefs.h */
| #define PACKAGE_NAME ""
| #define PACKAGE_TARNAME ""
| #define PACKAGE_VERSION ""
| #define PACKAGE_STRING ""
| #define PACKAGE_BUGREPORT ""
| #define PACKAGE_URL ""
| #define PACKAGE "qsidebar_applet"
| #define VERSION "0.1"
| #define HAVE_CXX11 1
| #define HAVE_STDIO_H 1
| #define HAVE_STDLIB_H 1
| #define HAVE_STRING_H 1
| #define HAVE_INTTYPES_H 1
| #define HAVE_STDINT_H 1
| #define HAVE_STRINGS_H 1
| #define HAVE_SYS_STAT_H 1
| #define HAVE_SYS_TYPES_H 1
| #define HAVE_UNISTD_H 1
| #define STDC_HEADERS 1
| /* end confdefs.h.  */
| #include <ac_nonexistent.h>
configure:7423: checking whether byte ordering is bigendian
configure:7439: gcc -c  -g -O2  conftest.c >&5
conftest.c:23:16: error: unknown type name 'not'
   23 |                not a universal capable compiler
      |                ^~~
conftest.c:23:22: error: expected '=', ',', ';', 'asm' or '__attribute__' before 'universal'
   23 |                not a universal capable compiler
      |                      ^~~~~~~~~
conftest.c:23:22: error: unknown type name 'universal'
configure:7439: $? = 1
configure: failed program was:
| /* confdefs.h */
| #define PACKAGE_NAME ""
| #define PACKAGE_TARNAME ""
| #define PACKAGE_VERSION ""
| #define PACKAGE_STRING ""
| #define PACKAGE_BUGREPORT ""
| #define PACKAGE_URL ""
| #define PACKAGE "qsidebar_applet"
| #define VERSION "0.1"
| #define HAVE_CXX11 1
| #define HAVE_STDIO_H 1
| #define HAVE_STDLIB_H 1
| #define HAVE_STRING_H 1
| #define HAVE_INTTYPES_H 1
| #define HAVE_STDINT_H 1
| #define HAVE_STRINGS_H 1
| #define HAVE_SYS_STAT_H 1
| #define HAVE_SYS_TYPES_H 1
| #define HAVE_UNISTD_H 1
| #define STDC_HEADERS 1
| /* end confdefs.h.  */
| #ifndef __APPLE_CC__
| 	       not a universal capable compiler
| 	     #endif
| 	     typedef int dummy;
| 
configure:7485: gcc -c  -g -O2  conftest.c >&5
configure:7485: $? = 0
configure:7504: gcc -c  -g -O2  conftest.c >&5
conftest.c: In function 'main':
conftest.c:29:18: error: unknown type name 'not'; did you mean 'ino_t'?
   29 |                  not big endian
      |                  ^~~
      |                  ino_t
conftest.c:29:26: error: expected '=', ',', ';', 'asm' or '__attribute__' before 'endian'
   29 |                  not big endian
      |                          ^~~~~~
configure:7504: $? = 1
configure: failed program was:
| /* confdefs.h */
| #define PACKAGE_NAME ""
| #define PACKAGE_TARNAME ""
| #define PACKAGE_VERSION ""
| #define PACKAGE_STRING ""
| #define PACKAGE_BUGREPORT ""
| #define PACKAGE_URL ""
| #define PACKAGE "qsidebar_applet"
| #define VERSION "0.1"
| #define HAVE_CXX11 1
| #define HAVE_STDIO_H 1
| #define HAVE_STDLIB_H 1
| #define HAVE_STRING_H 1
| #define HAVE_INTTYPES_H 1
| #define HAVE_STDINT_H 1
| #define HAVE_STRINGS_H 1
| #define HAVE_SYS_STAT_H 1
| #define HAVE_SYS_TYPES_H 1
| #define HAVE_UNISTD_H 1
| #define STDC_HEADERS 1
| /* end confdefs.h.  */
| #include <sys/types.h>
| 		#include <sys/param.h>
| 
| int
| main (void)
| {
| #if BYTE_ORDER != BIG_ENDIAN
| 		 not big endian
| 		#endif
| 
|   ;
|   return 0;
| }
configure:7638: result: no
configure:7807: checking for C++ compiler version
configure:7816: g++ --version >&5
g++ (Debian 12.2.0-14) 12.2.0
Copyright (C) 2022 Free Software Foundation, Inc.
This is free software; see the source for copying conditions.  There is NO
warranty; not even for MERCHANTABILITY or FITNESS FOR A PARTICULAR PURPOSE.

configure:7827: $? = 0
configure:7816: g++ -v >&5
Using built-in specs.
COLLECT_GCC=g++
COLLECT_LTO_WRAPPER=/usr/lib/gcc/x86_64-linux-gnu/12/lto-wrapper
OFFLOAD_TARGET_NAMES=nvptx-none:amdgcn-amdhsa
OFFLOAD_TARGET_DEFAULT=1
Target: x86_64-linux-gnu
Configured with: ../src/configure -v --with-pkgversion='Debian 12.2.0-14' --with-bugurl=file:///usr/share/doc/gcc-12/README.Bugs --enable-languages=c,ada,c++,go,d,fortran,objc,obj-c++,m2 --prefix=/usr --with-gcc-major-version-only --program-suffix=-12 --program-prefix=x86_64-linux-gnu- --enable-shared --enable-linker-build-id --libexecdir=/usr/lib --without-included-gettext --enable-threads=posix --libdir=/usr/lib --enable-nls --enable-clocale=gnu --enable-libstdcxx-debug --enable-libstdcxx-time=yes --with-default-libstdcxx-abi=new --enable-gnu-unique-object --disable-vtable-verify --enable-plugin --enable-default-pie --with-system-zlib --enable-libphobos-checking=release --with-target-system-zlib=auto --enable-objc-gc=auto --enable-multiarch --disable-werror --enable-cet --with-arch-32=i686 --with-abi=m64 --with-multilib-list=m32,m64,mx32 --enable-multilib --with-tune=generic --enable-offload-targets=nvptx-none=/build/gcc-12-bTRWOB/gcc-12-12.2.0/debian/tmp-nvptx/usr,amdgcn-amdhsa=/build/gcc-12-bTRWOB/gcc-12-12.2.0/debian/tmp-gcn/usr --enable-offload-defaulted --without-cuda-driver --enable-checking=release --build=x86_64-linux-gnu --host=x86_64-linux-gnu --target=x86_64-linux-gnu
Thread model: posix
Supported LTO compression algorithms: zlib zstd
gcc version 12.2.0 (Debian 12.2.0-14) 
... rest of stderr output deleted ...
configure:7827: $? = 0
configure:7816: g++ -V >&5
g++: error: unrecognized command-line option '-V'
g++: fatal error: no input files
compilation terminated.
configure:7827: $? = 1
configure:7816: g++ -qversion >&5
g++: error: unrecognized command-line option '-qversion'; did you mean '--version'?
g++: fatal error: no input files
compilation terminated.
configure:7827: $? = 1
configure:7831: checking whether the compiler supports GNU C++
configure:7861: result: yes
configure:7872: checking whether g++ accepts -g
configure:7937: result: yes
configure:7957: checking for g++ option to enable C++11 features
configure:7990: result: none needed
configure:8056: checking dependency style of g++
configure:8168: result: gcc3
configure:8185: checking whether gcc is blacklisted
configure:8206: gcc -c -O2  -g -O2  conftest.c >&5
configure:8206: $? = 0
configure:8215: result: no
configure:8456: checking whether g++ supports -Wmissing-format-attribute
configure:8487: rm -rf SunWS_cache; g++ -o conftest -D_DEFAULT_SOURCE -Wcast-align -Wchar-subscripts -Wall -W -Wpointer-arith -O2  -g -O2 -Wmissing-format-attribute   conftest.cpp  1>&5
configure:8487: $? = 0
configure:8504: result: yes
configure:8516: checking whether gcc supports -Wmissing-format-attribute
configure:8544: gcc -o conftest -W -Wall -Wchar-subscripts -Wshadow -Wpointer-arith -Wmissing-prototypes -Wwrite-strings -D_DEFAULT_SOURCE -O2  -g -O2 -Wmissing-format-attribute   conftest.c  >&5
configure:8544: $? = 0
configure:8561: result: yes
configure:8575: checking whether g++ supports -Wundef
configure:8606: rm -rf SunWS_cache; g++ -o conftest -D_DEFAULT_SOURCE -Wcast-align -Wchar-subscripts -Wall -W -Wpointer-arith -O2  -g -O2 -Wformat-security -Wmissing-format-attribute -Wundef   conftest.cpp  1>&5
configure:8606: $? = 0
configure:8623: result: yes
configure:8635: checking whether g++ supports -Wno-long-long
configure:8666: rm -rf SunWS_cache; g++ -o conftest -Wundef -D_DEFAULT_SOURCE -Wcast-align -Wchar-subscripts -Wall -W -Wpointer-arith -O2  -g -O2 -Wformat-security -Wmissing-format-attribute -Wno-long-long   conftest.cpp  1>&5
configure:8666: $? = 0
configure:8683: result: yes
configure:8695: checking whether g++ supports -Wno-non-virtual-dtor
configure:8726: rm -rf SunWS_cache; g++ -o conftest -Wno-long-long -Wundef -D_DEFAULT_SOURCE -Wcast-align -Wchar-subscripts -Wall -W -Wpointer-arith -O2  -g -O2 -Wformat-security -Wmissing-format-attribute -Wno-non-virtual-dtor   conftest.cpp  1>&5
configure:8726: $? = 0
configure:8743: result: yes
configure:8776: checking whether g++ supports -fno-reorder-blocks
configure:8807: rm -rf SunWS_cache; g++ -o conftest -Wno-long-long -Wundef -D_DEFAULT_SOURCE -Wcast-align -Wchar-subscripts -Wall -W -Wpointer-arith -O2  -g -O2 -Wformat-security -Wmissing-format-attribute -Wno-non-virtual-dtor -fno-reorder-blocks   conftest.cpp  1>&5
configure:8807: $? = 0
configure:8824: result: yes
configure:8842: checking whether g++ supports -fno-exceptions
configure:8873: rm -rf SunWS_cache; g++ -o conftest -Wno-long-long -Wundef -D_DEFAULT_SOURCE -Wcast-align -Wchar-subscripts -Wall -W -Wpointer-arith -O2  -g -O2 -Wformat-security -Wmissing-format-attribute -Wno-non-virtual-dtor -fno-exceptions   conftest.cpp  1>&5
configure:8873: $? = 0
configure:8890: result: yes
configure:8902: checking whether g++ supports -fno-check-new
configure:8933: rm -rf SunWS_cache; g++ -o conftest -Wno-long-long -Wundef -D_DEFAULT_SOURCE -Wcast-align -Wchar-subscripts -Wall -W -Wpointer-arith -O2  -g -O2 -Wformat-security -Wmissing-format-attribute -Wno-non-virtual-dtor -fno-exceptions -fno-check-new   conftest.cpp  1>&5
configure:8933: $? = 0
configure:8950: result: yes
configure:8962: checking whether g++ supports -fno-common
configure:8993: rm -rf SunWS_cache; g++ -o conftest -Wno-long-long -Wundef -D_DEFAULT_SOURCE -Wcast-align -Wchar-subscripts -Wall -W -Wpointer-arith -O2  -g -O2 -Wformat-security -Wmissing-format-attribute -Wno-non-virtual-dtor -fno-exceptions -fno-check-new -fno-common   conftest.cpp  1>&5
configure:8993: $? = 0
configure:9010: result: yes
configure:9022: checking whether g++ supports -fexceptions
configure:9053: rm -rf SunWS_cache; g++ -o conftest -Wno-long-long -Wundef -D_DEFAULT_SOURCE -Wcast-align -Wchar-subscripts -Wall -W -Wpointer-arith -O2  -g -O2 -Wformat-security -Wmissing-format-attribute -Wno-non-virtual-dtor -fno-exceptions -fno-check-new -fno-common -fexceptions   conftest.cpp  1>&5
configure:9053: $? = 0
configure:9070: result: yes
configure:9113: checking whether system headers can cope with -O2 -fno-inline
configure:9156: result: irrelevant
configure:9640: checking how to run the C++ preprocessor
configure:9662: g++ -E  conftest.cpp
configure:9662: $? = 0
configure:9677: g++ -E  conftest.cpp
conftest.cpp:22:10: fatal error: ac_nonexistent.h: No such file or directory
   22 | #include <ac_nonexistent.h>
      |          ^~~~~~~~~~~~~~~~~~
compilation terminated.
configure:9677: $? = 1
configure: failed program was:
| /* confdefs.h */
| #define PACKAGE_NAME ""
| #define PACKAGE_TARNAME ""
| #define PACKAGE_VERSION ""
| #define PACKAGE_STRING ""
| #define PACKAGE_BUGREPORT ""
| #define PACKAGE_URL ""
| #define PACKAGE "qsidebar_applet"
| #define VERSION "0.1"
| #define HAVE_CXX11 1
| #define HAVE_STDIO_H 1
| #define HAVE_STDLIB_H 1
| #define HAVE_STRING_H 1
| #define HAVE_INTTYPES_H 1
| #define HAVE_STDINT_H 1
| #define HAVE_STRINGS_H 1
| #define HAVE_SYS_STAT_H 1
| #define HAVE_SYS_TYPES_H 1
| #define HAVE_UNISTD_H 1
| #define STDC_HEADERS 1
| /* end confdefs.h.  */
| #include <ac_nonexistent.h>
configure:9704: result: g++ -E
configure:9718: g++ -E  conftest.cpp
configure:9718: $? = 0
configure:9733: g++ -E  conftest.cpp
conftest.cpp:22:10: fatal error: ac_nonexistent.h: No such file or directory
   22 | #include <ac_nonexistent.h>
      |          ^~~~~~~~~~~~~~~~~~
compilation terminated.
configure:9733: $? = 1
configure: failed program was:
| /* confdefs.h */
| #define PACKAGE_NAME ""
| #define PACKAGE_TARNAME ""
| #define PACKAGE_VERSION ""
| #define PACKAGE_STRING ""
| #define PACKAGE_BUGREPORT ""
| #define PACKAGE_URL ""
| #define PACKAGE "qsidebar_applet"
| #define VERSION "0.1"
| #define HAVE_CXX11 1
| #define HAVE_STDIO_H 1
| #define HAVE_STDLIB_H 1
| #define HAVE_STRING_H 1
| #define HAVE_INTTYPES_H 1
| #define HAVE_STDINT_H 1
| #define HAVE_STRINGS_H 1
| #define HAVE_SYS_STAT_H 1
| #define HAVE_SYS_TYPES_H 1
| #define HAVE_UNISTD_H 1
| #define STDC_HEADERS 1
| /* end confdefs.h.  */
| #include <ac_nonexistent.h>
configure:9768: checking whether g++ supports -O0
configure:9799: rm -rf SunWS_cache; g++ -o conftest -Wno-long-long -Wundef -D_DEFAULT_SOURCE -Wcast-align -Wchar-subscripts -Wall -W -Wpointer-arith -O2 -g -O2 -Wformat-security -Wmissing-format-attribute -Wno-non-virtual-dtor -fno-exceptions -fno-check-new -fno-common -O0   conftest.cpp  1>&5
configure:9799: $? = 0
configure:9816: result: yes
configure:10033: checking whether g++ supports -Wl,--no-undefined
configure:10064: rm -rf SunWS_cache; g++ -o conftest -Wno-long-long -Wundef -D_DEFAULT_SOURCE -Wcast-align -Wchar-subscripts -Wall -W -Wpointer-arith -O2 -g -O2 -Wformat-security -Wmissing-format-attribute -Wno-non-virtual-dtor -fno-exceptions -fno-check-new -fno-common -Wl,--no-undefined   conftest.cpp  1>&5
configure:10064: $? = 0
configure:10081: result: yes
configure:10085: checking whether g++ supports -Wl,--allow-shlib-undefined
configure:10116: rm -rf SunWS_cache; g++ -o conftest -Wno-long-long -Wundef -D_DEFAULT_SOURCE -Wcast-align -Wchar-subscripts -Wall -W -Wpointer-arith -O2 -g -O2 -Wformat-security -Wmissing-format-attribute -Wno-non-virtual-dtor -fno-exceptions -fno-check-new -fno-common -Wl,--allow-shlib-undefined   conftest.cpp  1>&5
configure:10116: $? = 0
configure:10133: result: yes
configure:10278: result: not using lib directory suffix
configure:10342: checking how to print strings
configure:10369: result: printf
configure:10390: checking for a sed that does not truncate output
configure:10460: result: /usr/bin/sed
configure:10478: checking for grep that handles long lines and -e
configure:10542: result: /usr/bin/grep
configure:10547: checking for egrep
configure:10615: result: /usr/bin/grep -E
configure:10620: checking for fgrep
configure:10688: result: /usr/bin/grep -F
configure:10724: checking for ld used by gcc
configure:10792: result: /usr/bin/ld
configure:10799: checking if the linker (/usr/bin/ld) is GNU ld
configure:10815: result: yes
configure:10827: checking for BSD- or MS-compatible name lister (nm)
configure:10882: result: /usr/bin/nm -B
configure:11022: checking the name lister (/usr/bin/nm -B) interface
configure:11030: gcc -c -W -Wall -Wchar-subscripts -Wshadow -Wpointer-arith -Wmissing-prototypes -Wwrite-strings -D_DEFAULT_SOURCE -O2  -g -O2 -Wformat-security -Wmissing-format-attribute  conftest.c >&5
configure:11033: /usr/bin/nm -B "conftest.o"
configure:11036: output
0000000000000000 B some_variable
configure:11043: result: BSD nm
configure:11046: checking whether ln -s works
configure:11050: result: yes
configure:11058: checking the maximum length of command line arguments
configure:11190: result: 1572864
configure:11238: checking how to convert x86_64-pc-linux-gnu file names to x86_64-pc-linux-gnu format
configure:11279: result: func_convert_file_noop
configure:11286: checking how to convert x86_64-pc-linux-gnu file names to toolchain format
configure:11307: result: func_convert_file_noop
configure:11314: checking for /usr/bin/ld option to reload object files
configure:11322: result: -r
configure:11401: checking for file
configure:11422: found /usr/bin/file
configure:11433: result: file
configure:11509: checking for objdump
configure:11530: found /usr/bin/objdump
configure:11541: result: objdump
configure:11573: checking how to recognize dependent libraries
configure:11774: result: pass_all
configure:11864: checking for dlltool
configure:11899: result: no
configure:11929: checking how to associate runtime and link libraries
configure:11957: result: printf %s\n
configure:12022: checking for ar
configure:12043: found /usr/bin/ar
configure:12054: result: ar
configure:12107: checking for archiver @FILE support
configure:12125: gcc -c -W -Wall -Wchar-subscripts -Wshadow -Wpointer-arith -Wmissing-prototypes -Wwrite-strings -D_DEFAULT_SOURCE -O2  -g -O2 -Wformat-security -Wmissing-format-attribute  conftest.c >&5
configure:12125: $? = 0
configure:12129: ar cr libconftest.a @conftest.lst >&5
configure:12132: $? = 0
configure:12137: ar cr libconftest.a @conftest.lst >&5
ar: conftest.o: No such file or directory
configure:12140: $? = 1
configure:12152: result: @
configure:12215: checking for strip
configure:12236: found /usr/bin/strip
configure:12247: result: strip
configure:12324: checking for ranlib
configure:12345: found /usr/bin/ranlib
configure:12356: result: ranlib
configure:12458: checking command to parse /usr/bin/nm -B output from gcc object
configure:12612: gcc -c -W -Wall -Wchar-subscripts -Wshadow -Wpointer-arith -Wmissing-prototypes -Wwrite-strings -D_DEFAULT_SOURCE -O2  -g -O2 -Wformat-security -Wmissing-format-attribute  conftest.c >&5
configure:12615: $? = 0
configure:12619: /usr/bin/nm -B conftest.o | /usr/bin/sed -n -e 's/^.*[	 ]\([ABCDGIRSTW][ABCDGIRSTW]*\)[	 ][	 ]*\([_A-Za-z][_A-Za-z0-9]*\)$/\1 \2 \2/p' | /usr/bin/sed '/ __gnu_lto/d' > conftest.nm
configure:12685: gcc -o conftest -W -Wall -Wchar-subscripts -Wshadow -Wpointer-arith -Wmissing-prototypes -Wwrite-strings -D_DEFAULT_SOURCE -O2  -g -O2 -Wformat-security -Wmissing-format-attribute   conftest.c conftstm.o >&5
configure:12688: $? = 0
configure:12726: result: ok
configure:12773: checking for sysroot
configure:12804: result: no
configure:12811: checking for a working dd
configure:12855: result: /usr/bin/dd
configure:12859: checking how to truncate binary pipes
configure:12875: result: /usr/bin/dd bs=4096 count=1
configure:13012: gcc -c -W -Wall -Wchar-subscripts -Wshadow -Wpointer-arith -Wmissing-prototypes -Wwrite-strings -D_DEFAULT_SOURCE -O2  -g -O2 -Wformat-security -Wmissing-format-attribute  conftest.c >&5
configure:13015: $? = 0
configure:13212: checking for mt
configure:13233: found /usr/bin/mt
configure:13244: result: mt
configure:13267: checking if mt is a manifest tool
configure:13274: mt '-?'
configure:13282: result: no
configure:14003: checking for dlfcn.h
configure:14003: gcc -c -W -Wall -Wchar-subscripts -Wshadow -Wpointer-arith -Wmissing-prototypes -Wwrite-strings -D_DEFAULT_SOURCE -O2  -g -O2 -Wformat-security -Wmissing-format-attribute  conftest.c >&5
configure:14003: $? = 0
configure:14003: result: yes
configure:14219: checking for objdir
configure:14235: result: .libs
configure:14499: checking if gcc supports -fno-rtti -fno-exceptions
configure:14518: gcc -c -W -Wall -Wchar-subscripts -Wshadow -Wpointer-arith -Wmissing-prototypes -Wwrite-strings -D_DEFAULT_SOURCE -O2  -g -O2 -Wformat-security -Wmissing-format-attribute  -fno-rtti -fno-exceptions conftest.c >&5
cc1: warning: command-line option '-fno-rtti' is valid for C++/D/ObjC++ but not for C
configure:14522: $? = 0
configure:14535: result: no
configure:14899: checking for gcc option to produce PIC
configure:14907: result: -fPIC -DPIC
configure:14915: checking if gcc PIC flag -fPIC -DPIC works
configure:14934: gcc -c -W -Wall -Wchar-subscripts -Wshadow -Wpointer-arith -Wmissing-prototypes -Wwrite-strings -D_DEFAULT_SOURCE -O2  -g -O2 -Wformat-security -Wmissing-format-attribute  -fPIC -DPIC -DPIC conftest.c >&5
configure:14938: $? = 0
configure:14951: result: yes
configure:14980: checking if gcc static flag -static works
configure:15009: result: yes
configure:15024: checking if gcc supports -c -o file.o
configure:15046: gcc -c -W -Wall -Wchar-subscripts -Wshadow -Wpointer-arith -Wmissing-prototypes -Wwrite-strings -D_DEFAULT_SOURCE -O2  -g -O2 -Wformat-security -Wmissing-format-attribute  -o out/conftest2.o conftest.c >&5
configure:15050: $? = 0
configure:15072: result: yes
configure:15080: checking if gcc supports -c -o file.o
configure:15128: result: yes
configure:15161: checking whether the gcc linker (/usr/bin/ld -m elf_x86_64) supports shared libraries
configure:16435: result: yes
configure:16472: checking whether -lc should be explicitly linked in
configure:16481: gcc -c -W -Wall -Wchar-subscripts -Wshadow -Wpointer-arith -Wmissing-prototypes -Wwrite-strings -D_DEFAULT_SOURCE -O2  -g -O2 -Wformat-security -Wmissing-format-attribute  conftest.c >&5
configure:16484: $? = 0
configure:16499: gcc -shared  -fPIC -DPIC conftest.o  -v -Wl,-soname -Wl,conftest -o conftest 2\>\&1 \| /usr/bin/grep  -lc  \>/dev/null 2\>\&1
configure:16502: $? = 0
configure:16516: result: no
configure:16676: checking dynamic linker characteristics
configure:17258: gcc -o conftest -W -Wall -Wchar-subscripts -Wshadow -Wpointer-arith -Wmissing-prototypes -Wwrite-strings -D_DEFAULT_SOURCE -O2  -g -O2 -Wformat-security -Wmissing-format-attribute   -Wl,-rpath -Wl,/foo conftest.c  >&5
configure:17258: $? = 0
configure:17509: result: GNU/Linux ld.so
configure:17631: checking how to hardcode library paths into programs
configure:17656: result: immediate
configure:17758: checking for shl_load
configure:17758: gcc -o conftest -W -Wall -Wchar-subscripts -Wshadow -Wpointer-arith -Wmissing-prototypes -Wwrite-strings -D_DEFAULT_SOURCE -O2  -g -O2 -Wformat-security -Wmissing-format-attribute   conftest.c  >&5
/usr/bin/ld: /tmp/cc6ugHYU.o: in function `main':
/home/cdef/live_tools/sidebar/kickapplet/conftest.c:52: undefined reference to `shl_load'
collect2: error: ld returned 1 exit status
configure:17758: $? = 1
configure: failed program was:
| /* confdefs.h */
| #define PACKAGE_NAME ""
| #define PACKAGE_TARNAME ""
| #define PACKAGE_VERSION ""
| #define PACKAGE_STRING ""
| #define PACKAGE_BUGREPORT ""
| #define PACKAGE_URL ""
| #define PACKAGE "qsidebar_applet"
| #define VERSION "0.1"
| #define HAVE_CXX11 1
| #define HAVE_STDIO_H 1
| #define HAVE_STDLIB_H 1
| #define HAVE_STRING_H 1
| #define HAVE_INTTYPES_H 1
| #define HAVE_STDINT_H 1
| #define HAVE_STRINGS_H 1
| #define HAVE_SYS_STAT_H 1
| #define HAVE_SYS_TYPES_H 1
| #define HAVE_UNISTD_H 1
| #define STDC_HEADERS 1
| #define KDELIBSUFF ""
| #define HAVE_DLFCN_H 1
| #define LT_OBJDIR ".libs/"
| /* end confdefs.h.  */
| /* Define shl_load to an innocuous variant, in case <limits.h> declares shl_load.
|    For example, HP-UX 11i <limits.h> declares gettimeofday.  */
| #define shl_load innocuous_shl_load
| 
| /* System header to define __stub macros and hopefully few prototypes,
|    which can conflict with char shl_load (); below.  */
| 
| #include <limits.h>
| #undef shl_load
| 
| /* Override any GCC internal prototype to avoid an error.
|    Use char because int might match the return type of a GCC
|    builtin and then its argument prototype would still apply.  */
| #ifdef __cplusplus
| extern "C"
| #endif
| char shl_load ();
| /* The GNU C library defines this for functions which it implements
|     to always fail with ENOSYS.  Some functions are actually named
|     something starting with __ and the normal name is an alias.  */
| #if defined __stub_shl_load || defined __stub___shl_load
| choke me
| #endif
| 
| int
| main (void)
| {
| return shl_load ();
|   ;
|   return 0;
| }
configure:17758: result: no
configure:17763: checking for shl_load in -ldld
configure:17786: gcc -o conftest -W -Wall -Wchar-subscripts -Wshadow -Wpointer-arith -Wmissing-prototypes -Wwrite-strings -D_DEFAULT_SOURCE -O2  -g -O2 -Wformat-security -Wmissing-format-attribute   conftest.c -ldld   >&5
/usr/bin/ld: cannot find -ldld: No such file or directory
collect2: error: ld returned 1 exit status
configure:17786: $? = 1
configure: failed program was:
| /* confdefs.h */
| #define PACKAGE_NAME ""
| #define PACKAGE_TARNAME ""
| #define PACKAGE_VERSION ""
| #define PACKAGE_STRING ""
| #define PACKAGE_BUGREPORT ""
| #define PACKAGE_URL ""
| #define PACKAGE "qsidebar_applet"
| #define VERSION "0.1"
| #define HAVE_CXX11 1
| #define HAVE_STDIO_H 1
| #define HAVE_STDLIB_H 1
| #define HAVE_STRING_H 1
| #define HAVE_INTTYPES_H 1
| #define HAVE_STDINT_H 1
| #define HAVE_STRINGS_H 1
| #define HAVE_SYS_STAT_H 1
| #define HAVE_SYS_TYPES_H 1
| #define HAVE_UNISTD_H 1
| #define STDC_HEADERS 1
| #define KDELIBSUFF ""
| #define HAVE_DLFCN_H 1
| #define LT_OBJDIR ".libs/"
| /* end confdefs.h.  */
| 
| /* Override any GCC internal prototype to avoid an error.
|    Use char because int might match the return type of a GCC
|    builtin and then its argument prototype would still apply.  */
| char shl_load ();
| int
| main (void)
| {
| return shl_load ();
|   ;
|   return 0;
| }
configure:17796: result: no
configure:17802: checking for dlopen
configure:17802: gcc -o conftest -W -Wall -Wchar-subscripts -Wshadow -Wpointer-arith -Wmissing-prototypes -Wwrite-strings -D_DEFAULT_SOURCE -O2  -g -O2 -Wformat-security -Wmissing-format-attribute   conftest.c  >&5
configure:17802: $? = 0
configure:17802: result: yes
configure:17960: checking whether a program can dlopen itself
configure:18041: gcc -o conftest -W -Wall -Wchar-subscripts -Wshadow -Wpointer-arith -Wmissing-prototypes -Wwrite-strings -D_DEFAULT_SOURCE -O2  -g -O2 -Wformat-security -Wmissing-format-attribute  -DHAVE_DLFCN_H  -Wl,--export-dynamic conftest.c   >&5
configure:18017:5: warning: no previous prototype for 'fnord' [-Wmissing-prototypes]
18017 | #endif
      |     ^~   
configure:18044: $? = 0
configure:18062: result: yes
configure:18067: checking whether a statically linked program can dlopen itself
configure:18148: gcc -o conftest -W -Wall -Wchar-subscripts -Wshadow -Wpointer-arith -Wmissing-prototypes -Wwrite-strings -D_DEFAULT_SOURCE -O2  -g -O2 -Wformat-security -Wmissing-format-attribute  -DHAVE_DLFCN_H  -Wl,--export-dynamic -static conftest.c   >&5
configure:18124:5: warning: no previous prototype for 'fnord' [-Wmissing-prototypes]
18124 | #endif
      |     ^~   
/usr/bin/ld: /tmp/ccHPWvyV.o: in function `main':
/home/cdef/live_tools/sidebar/kickapplet/conftest.c:18127: warning: Using 'dlopen' in statically linked applications requires at runtime the shared libraries from the glibc version used for linking
configure:18151: $? = 0
conftest: undefined symbol: _fnord
configure:18169: result: no
configure:18208: checking whether stripping libraries is possible
configure:18217: result: yes
configure:18259: checking if libtool supports shared libraries
configure:18261: result: yes
configure:18264: checking whether to build shared libraries
configure:18289: result: yes
configure:18292: checking whether to build static libraries
configure:18296: result: no
configure:18319: checking how to run the C++ preprocessor
configure:18383: result: g++ -E
configure:18397: g++ -E  conftest.cpp
configure:18397: $? = 0
configure:18412: g++ -E  conftest.cpp
conftest.cpp:25:10: fatal error: ac_nonexistent.h: No such file or directory
   25 | #include <ac_nonexistent.h>
      |          ^~~~~~~~~~~~~~~~~~
compilation terminated.
configure:18412: $? = 1
configure: failed program was:
| /* confdefs.h */
| #define PACKAGE_NAME ""
| #define PACKAGE_TARNAME ""
| #define PACKAGE_VERSION ""
| #define PACKAGE_STRING ""
| #define PACKAGE_BUGREPORT ""
| #define PACKAGE_URL ""
| #define PACKAGE "qsidebar_applet"
| #define VERSION "0.1"
| #define HAVE_CXX11 1
| #define HAVE_STDIO_H 1
| #define HAVE_STDLIB_H 1
| #define HAVE_STRING_H 1
| #define HAVE_INTTYPES_H 1
| #define HAVE_STDINT_H 1
| #define HAVE_STRINGS_H 1
| #define HAVE_SYS_STAT_H 1
| #define HAVE_SYS_TYPES_H 1
| #define HAVE_UNISTD_H 1
| #define STDC_HEADERS 1
| #define KDELIBSUFF ""
| #define HAVE_DLFCN_H 1
| #define LT_OBJDIR ".libs/"
| /* end confdefs.h.  */
| #include <ac_nonexistent.h>
configure:18577: checking for ld used by g++
configure:18645: result: /usr/bin/ld -m elf_x86_64
configure:18652: checking if the linker (/usr/bin/ld -m elf_x86_64) is GNU ld
configure:18668: result: yes
configure:18723: checking whether the g++ linker (/usr/bin/ld -m elf_x86_64) supports shared libraries
configure:19801: result: yes
configure:19837: g++ -c -Wno-long-long -Wundef -D_DEFAULT_SOURCE -Wcast-align -Wchar-subscripts -Wall -W -Wpointer-arith -O2 -g -O2 -Wformat-security -Wmissing-format-attribute -Wno-non-virtual-dtor -fno-exceptions -fno-check-new -fno-common  conftest.cpp >&5
configure:19840: $? = 0
configure:20321: checking for g++ option to produce PIC
configure:20329: result: -fPIC -DPIC
configure:20337: checking if g++ PIC flag -fPIC -DPIC works
configure:20356: g++ -c -Wno-long-long -Wundef -D_DEFAULT_SOURCE -Wcast-align -Wchar-subscripts -Wall -W -Wpointer-arith -O2 -g -O2 -Wformat-security -Wmissing-format-attribute -Wno-non-virtual-dtor -fno-exceptions -fno-check-new -fno-common  -fPIC -DPIC -DPIC conftest.cpp >&5
configure:20360: $? = 0
configure:20373: result: yes
configure:20396: checking if g++ static flag -static works
configure:20425: result: yes
configure:20437: checking if g++ supports -c -o file.o
configure:20459: g++ -c -Wno-long-long -Wundef -D_DEFAULT_SOURCE -Wcast-align -Wchar-subscripts -Wall -W -Wpointer-arith -O2 -g -O2 -Wformat-security -Wmissing-format-attribute -Wno-non-virtual-dtor -fno-exceptions -fno-check-new -fno-common  -o out/conftest2.o conftest.cpp >&5
configure:20463: $? = 0
configure:20485: result: yes
configure:20490: checking if g++ supports -c -o file.o
configure:20538: result: yes
configure:20568: checking whether the g++ linker (/usr/bin/ld -m elf_x86_64) supports shared libraries
configure:20611: result: yes
configure:20753: checking dynamic linker characteristics
configure:21513: result: GNU/Linux ld.so
configure:21578: checking how to hardcode library paths into programs
configure:21603: result: immediate
configure:21685: checking for msgfmt
configure:21713: result: /usr/bin/msgfmt
configure:21722: checking for gmsgfmt
configure:21758: result: /usr/bin/msgfmt
configure:21778: checking for xgettext
configure:21806: result: /usr/bin/xgettext
configure:21858: g++ -c -Wno-long-long -Wundef -D_DEFAULT_SOURCE -Wcast-align -Wchar-subscripts -Wall -W -Wpointer-arith -O2 -g -O2 -Wformat-security -Wmissing-format-attribute -Wno-non-virtual-dtor -fno-exceptions -fno-check-new -fno-common -I/usr/include/tqt  conftest.cpp >&5
configure:21858: $? = 0
configure:21872: result: Detected TQt3.
configure:21919: checking for pkg-config
configure:21942: found /usr/bin/pkg-config
configure:21955: result: /usr/bin/pkg-config
configure:21994: checking if C++ programs can be compiled
configure:22019: g++ -c -Wno-long-long -Wundef -D_DEFAULT_SOURCE -Wcast-align -Wchar-subscripts -Wall -W -Wpointer-arith -O2 -g -O2 -Wformat-security -Wmissing-format-attribute -Wno-non-virtual-dtor  -fno-check-new -fno-common  conftest.cpp >&5
configure:22019: $? = 0
configure:22030: result: yes
configure:22054: checking for strlcat
configure:22102: g++ -c -Wno-long-long -Wundef -D_DEFAULT_SOURCE -Wcast-align -Wchar-subscripts -Wall -W -Wpointer-arith -O2 -g -O2 -Wformat-security -Wmissing-format-attribute -Wno-non-virtual-dtor -fno-exceptions -fno-check-new -fno-common -pedantic-errors  conftest.cpp >&5
conftest.cpp: In function 'int main()':
conftest.cpp:37:3: error: 'strlcat' was not declared in this scope; did you mean 'strncat'?
   37 |   strlcat(buf, "TDE function test", sizeof(buf));
      |   ^~~~~~~
      |   strncat
configure:22102: $? = 1
configure: failed program was:
| /* confdefs.h */
| #define PACKAGE_NAME ""
| #define PACKAGE_TARNAME ""
| #define PACKAGE_VERSION ""
| #define PACKAGE_STRING ""
| #define PACKAGE_BUGREPORT ""
| #define PACKAGE_URL ""
| #define PACKAGE "qsidebar_applet"
| #define VERSION "0.1"
| #define HAVE_CXX11 1
| #define HAVE_STDIO_H 1
| #define HAVE_STDLIB_H 1
| #define HAVE_STRING_H 1
| #define HAVE_INTTYPES_H 1
| #define HAVE_STDINT_H 1
| #define HAVE_STRINGS_H 1
| #define HAVE_SYS_STAT_H 1
| #define HAVE_SYS_TYPES_H 1
| #define HAVE_UNISTD_H 1
| #define STDC_HEADERS 1
| #define KDELIBSUFF ""
| #define HAVE_DLFCN_H 1
| #define LT_OBJDIR ".libs/"
| #define HAVE_SGI_STL 1
| /* end confdefs.h.  */
| 
| 
| #include <string.h>
| 
| 
| int
| main (void)
| {
| 
|  char buf[20];
|   buf[0]='\0';
|   strlcat(buf, "TDE function test", sizeof(buf));
| 
| 
|   ;
|   return 0;
| }
configure:22121: result: no
configure:22124: checking if strlcat needs custom prototype
configure:22201: result: yes - in libtdefakes
configure:22221: checking for strlcpy
configure:22268: g++ -c -Wno-long-long -Wundef -D_DEFAULT_SOURCE -Wcast-align -Wchar-subscripts -Wall -W -Wpointer-arith -O2 -g -O2 -Wformat-security -Wmissing-format-attribute -Wno-non-virtual-dtor -fno-exceptions -fno-check-new -fno-common -pedantic-errors  conftest.cpp >&5
conftest.cpp: In function 'int main()':
conftest.cpp:36:3: error: 'strlcpy' was not declared in this scope; did you mean 'strncpy'?
   36 |   strlcpy(buf, "TDE function test", sizeof(buf));
      |   ^~~~~~~
      |   strncpy
configure:22268: $? = 1
configure: failed program was:
| /* confdefs.h */
| #define PACKAGE_NAME ""
| #define PACKAGE_TARNAME ""
| #define PACKAGE_VERSION ""
| #define PACKAGE_STRING ""
| #define PACKAGE_BUGREPORT ""
| #define PACKAGE_URL ""
| #define PACKAGE "qsidebar_applet"
| #define VERSION "0.1"
| #define HAVE_CXX11 1
| #define HAVE_STDIO_H 1
| #define HAVE_STDLIB_H 1
| #define HAVE_STRING_H 1
| #define HAVE_INTTYPES_H 1
| #define HAVE_STDINT_H 1
| #define HAVE_STRINGS_H 1
| #define HAVE_SYS_STAT_H 1
| #define HAVE_SYS_TYPES_H 1
| #define HAVE_UNISTD_H 1
| #define STDC_HEADERS 1
| #define KDELIBSUFF ""
| #define HAVE_DLFCN_H 1
| #define LT_OBJDIR ".libs/"
| #define HAVE_SGI_STL 1
| /* end confdefs.h.  */
| 
| 
| #include <string.h>
| 
| 
| int
| main (void)
| {
| 
|  char buf[20];
|   strlcpy(buf, "TDE function test", sizeof(buf));
| 
| 
|   ;
|   return 0;
| }
configure:22287: result: no
configure:22290: checking if strlcpy needs custom prototype
configure:22366: result: yes - in libtdefakes
configure:22385: checking for main in -lutil
configure:22405: gcc -o conftest -W -Wall -Wchar-subscripts -Wshadow -Wpointer-arith -Wmissing-prototypes -Wwrite-strings -D_DEFAULT_SOURCE -O2  -g -O2 -Wformat-security -Wmissing-format-attribute   conftest.c -lutil   >&5
conftest.c: In function 'main':
conftest.c:29:1: warning: infinite recursion detected [-Winfinite-recursion]
   29 | main (void)
      | ^~~~
conftest.c:31:8: note: recursive call
   31 | return main ();
      |        ^~~~~~~
configure:22405: $? = 0
configure:22415: result: yes
configure:22422: checking for main in -lcompat
configure:22442: gcc -o conftest -W -Wall -Wchar-subscripts -Wshadow -Wpointer-arith -Wmissing-prototypes -Wwrite-strings -D_DEFAULT_SOURCE -O2  -g -O2 -Wformat-security -Wmissing-format-attribute   conftest.c -lcompat   >&5
conftest.c: In function 'main':
conftest.c:29:1: warning: infinite recursion detected [-Winfinite-recursion]
   29 | main (void)
      | ^~~~
conftest.c:31:8: note: recursive call
   31 | return main ();
      |        ^~~~~~~
/usr/bin/ld: cannot find -lcompat: No such file or directory
collect2: error: ld returned 1 exit status
configure:22442: $? = 1
configure: failed program was:
| /* confdefs.h */
| #define PACKAGE_NAME ""
| #define PACKAGE_TARNAME ""
| #define PACKAGE_VERSION ""
| #define PACKAGE_STRING ""
| #define PACKAGE_BUGREPORT ""
| #define PACKAGE_URL ""
| #define PACKAGE "qsidebar_applet"
| #define VERSION "0.1"
| #define HAVE_CXX11 1
| #define HAVE_STDIO_H 1
| #define HAVE_STDLIB_H 1
| #define HAVE_STRING_H 1
| #define HAVE_INTTYPES_H 1
| #define HAVE_STDINT_H 1
| #define HAVE_STRINGS_H 1
| #define HAVE_SYS_STAT_H 1
| #define HAVE_SYS_TYPES_H 1
| #define HAVE_UNISTD_H 1
| #define STDC_HEADERS 1
| #define KDELIBSUFF ""
| #define HAVE_DLFCN_H 1
| #define LT_OBJDIR ".libs/"
| #define HAVE_SGI_STL 1
| /* end confdefs.h.  */
| 
| 
| int
| main (void)
| {
| return main ();
|   ;
|   return 0;
| }
configure:22452: result: no
configure:22460: checking for crypt in -lcrypt
configure:22483: gcc -o conftest -W -Wall -Wchar-subscripts -Wshadow -Wpointer-arith -Wmissing-prototypes -Wwrite-strings -D_DEFAULT_SOURCE -O2  -g -O2 -Wformat-security -Wmissing-format-attribute   conftest.c -lcrypt   >&5
configure:22483: $? = 0
configure:22493: result: yes
configure:22558: checking for socklen_t
configure:22589: g++ -c -Wno-long-long -Wundef -D_DEFAULT_SOURCE -Wcast-align -Wchar-subscripts -Wall -W -Wpointer-arith -O2 -g -O2 -Wformat-security -Wmissing-format-attribute -Wno-non-virtual-dtor -fno-exceptions -fno-check-new -fno-common  conftest.cpp >&5
configure:22589: $? = 0
configure:22606: result: yes
configure:22666: checking for dnet_ntoa in -ldnet
configure:22689: gcc -o conftest -W -Wall -Wchar-subscripts -Wshadow -Wpointer-arith -Wmissing-prototypes -Wwrite-strings -D_DEFAULT_SOURCE -O2  -g -O2 -Wformat-security -Wmissing-format-attribute   conftest.c -ldnet   >&5
/usr/bin/ld: cannot find -ldnet: No such file or directory
collect2: error: ld returned 1 exit status
configure:22689: $? = 1
configure: failed program was:
| /* confdefs.h */
| #define PACKAGE_NAME ""
| #define PACKAGE_TARNAME ""
| #define PACKAGE_VERSION ""
| #define PACKAGE_STRING ""
| #define PACKAGE_BUGREPORT ""
| #define PACKAGE_URL ""
| #define PACKAGE "qsidebar_applet"
| #define VERSION "0.1"
| #define HAVE_CXX11 1
| #define HAVE_STDIO_H 1
| #define HAVE_STDLIB_H 1
| #define HAVE_STRING_H 1
| #define HAVE_INTTYPES_H 1
| #define HAVE_STDINT_H 1
| #define HAVE_STRINGS_H 1
| #define HAVE_SYS_STAT_H 1
| #define HAVE_SYS_TYPES_H 1
| #define HAVE_UNISTD_H 1
| #define STDC_HEADERS 1
| #define KDELIBSUFF ""
| #define HAVE_DLFCN_H 1
| #define LT_OBJDIR ".libs/"
| #define HAVE_SGI_STL 1
| #define HAVE_CRYPT 1
| #define kde_socklen_t socklen_t
| /* end confdefs.h.  */
| 
| /* Override any GCC internal prototype to avoid an error.
|    Use char because int might match the return type of a GCC
|    builtin and then its argument prototype would still apply.  */
| char dnet_ntoa ();
| int
| main (void)
| {
| return dnet_ntoa ();
|   ;
|   return 0;
| }
configure:22699: result: no
configure:22707: checking for dnet_ntoa in -ldnet_stub
configure:22730: gcc -o conftest -W -Wall -Wchar-subscripts -Wshadow -Wpointer-arith -Wmissing-prototypes -Wwrite-strings -D_DEFAULT_SOURCE -O2  -g -O2 -Wformat-security -Wmissing-format-attribute   conftest.c -ldnet_stub   >&5
/usr/bin/ld: cannot find -ldnet_stub: No such file or directory
collect2: error: ld returned 1 exit status
configure:22730: $? = 1
configure: failed program was:
| /* confdefs.h */
| #define PACKAGE_NAME ""
| #define PACKAGE_TARNAME ""
| #define PACKAGE_VERSION ""
| #define PACKAGE_STRING ""
| #define PACKAGE_BUGREPORT ""
| #define PACKAGE_URL ""
| #define PACKAGE "qsidebar_applet"
| #define VERSION "0.1"
| #define HAVE_CXX11 1
| #define HAVE_STDIO_H 1
| #define HAVE_STDLIB_H 1
| #define HAVE_STRING_H 1
| #define HAVE_INTTYPES_H 1
| #define HAVE_STDINT_H 1
| #define HAVE_STRINGS_H 1
| #define HAVE_SYS_STAT_H 1
| #define HAVE_SYS_TYPES_H 1
| #define HAVE_UNISTD_H 1
| #define STDC_HEADERS 1
| #define KDELIBSUFF ""
| #define HAVE_DLFCN_H 1
| #define LT_OBJDIR ".libs/"
| #define HAVE_SGI_STL 1
| #define HAVE_CRYPT 1
| #define kde_socklen_t socklen_t
| /* end confdefs.h.  */
| 
| /* Override any GCC internal prototype to avoid an error.
|    Use char because int might match the return type of a GCC
|    builtin and then its argument prototype would still apply.  */
| char dnet_ntoa ();
| int
| main (void)
| {
| return dnet_ntoa ();
|   ;
|   return 0;
| }
configure:22740: result: no
configure:22748: checking for inet_ntoa
configure:22748: gcc -o conftest -W -Wall -Wchar-subscripts -Wshadow -Wpointer-arith -Wmissing-prototypes -Wwrite-strings -D_DEFAULT_SOURCE -O2  -g -O2 -Wformat-security -Wmissing-format-attribute   conftest.c  >&5
configure:22748: $? = 0
configure:22748: result: yes
configure:22796: checking for connect
configure:22796: gcc -o conftest -W -Wall -Wchar-subscripts -Wshadow -Wpointer-arith -Wmissing-prototypes -Wwrite-strings -D_DEFAULT_SOURCE -O2  -g -O2 -Wformat-security -Wmissing-format-attribute   conftest.c  >&5
configure:22796: $? = 0
configure:22796: result: yes
configure:22845: checking for remove
configure:22845: gcc -o conftest -W -Wall -Wchar-subscripts -Wshadow -Wpointer-arith -Wmissing-prototypes -Wwrite-strings -D_DEFAULT_SOURCE -O2  -g -O2 -Wformat-security -Wmissing-format-attribute   conftest.c  >&5
configure:22845: $? = 0
configure:22845: result: yes
configure:22895: checking for shmat
configure:22895: gcc -o conftest -W -Wall -Wchar-subscripts -Wshadow -Wpointer-arith -Wmissing-prototypes -Wwrite-strings -D_DEFAULT_SOURCE -O2  -g -O2 -Wformat-security -Wmissing-format-attribute   conftest.c  >&5
configure:22895: $? = 0
configure:22895: result: yes
configure:22944: checking for sys/types.h
configure:22944: result: yes
configure:22950: checking for stdint.h
configure:22950: result: yes
configure:22959: checking for sys/bitypes.h
configure:22959: gcc -c -W -Wall -Wchar-subscripts -Wshadow -Wpointer-arith -Wmissing-prototypes -Wwrite-strings -D_DEFAULT_SOURCE -O2  -g -O2 -Wformat-security -Wmissing-format-attribute  conftest.c >&5
configure:22959: $? = 0
configure:22959: result: yes
configure:22968: checking for poll in -lpoll
configure:22991: gcc -o conftest -W -Wall -Wchar-subscripts -Wshadow -Wpointer-arith -Wmissing-prototypes -Wwrite-strings -D_DEFAULT_SOURCE -O2  -g -O2 -Wformat-security -Wmissing-format-attribute   conftest.c -lpoll   >&5
/usr/bin/ld: cannot find -lpoll: No such file or directory
collect2: error: ld returned 1 exit status
configure:22991: $? = 1
configure: failed program was:
| /* confdefs.h */
| #define PACKAGE_NAME ""
| #define PACKAGE_TARNAME ""
| #define PACKAGE_VERSION ""
| #define PACKAGE_STRING ""
| #define PACKAGE_BUGREPORT ""
| #define PACKAGE_URL ""
| #define PACKAGE "qsidebar_applet"
| #define VERSION "0.1"
| #define HAVE_CXX11 1
| #define HAVE_STDIO_H 1
| #define HAVE_STDLIB_H 1
| #define HAVE_STRING_H 1
| #define HAVE_INTTYPES_H 1
| #define HAVE_STDINT_H 1
| #define HAVE_STRINGS_H 1
| #define HAVE_SYS_STAT_H 1
| #define HAVE_SYS_TYPES_H 1
| #define HAVE_UNISTD_H 1
| #define STDC_HEADERS 1
| #define KDELIBSUFF ""
| #define HAVE_DLFCN_H 1
| #define LT_OBJDIR ".libs/"
| #define HAVE_SGI_STL 1
| #define HAVE_CRYPT 1
| #define kde_socklen_t socklen_t
| #define HAVE_SYS_TYPES_H 1
| #define HAVE_STDINT_H 1
| #define HAVE_SYS_BITYPES_H 1
| /* end confdefs.h.  */
| 
| /* Override any GCC internal prototype to avoid an error.
|    Use char because int might match the return type of a GCC
|    builtin and then its argument prototype would still apply.  */
| char poll ();
| int
| main (void)
| {
| return poll ();
|   ;
|   return 0;
| }
configure:23001: result: no
configure:23010: checking for Carbon/Carbon.h
configure:23010: gcc -c -W -Wall -Wchar-subscripts -Wshadow -Wpointer-arith -Wmissing-prototypes -Wwrite-strings -D_DEFAULT_SOURCE -O2  -g -O2 -Wformat-security -Wmissing-format-attribute  conftest.c >&5
conftest.c:59:10: fatal error: Carbon/Carbon.h: No such file or directory
   59 | #include <Carbon/Carbon.h>
      |          ^~~~~~~~~~~~~~~~~
compilation terminated.
configure:23010: $? = 1
configure: failed program was:
| /* confdefs.h */
| #define PACKAGE_NAME ""
| #define PACKAGE_TARNAME ""
| #define PACKAGE_VERSION ""
| #define PACKAGE_STRING ""
| #define PACKAGE_BUGREPORT ""
| #define PACKAGE_URL ""
| #define PACKAGE "qsidebar_applet"
| #define VERSION "0.1"
| #define HAVE_CXX11 1
| #define HAVE_STDIO_H 1
| #define HAVE_STDLIB_H 1
| #define HAVE_STRING_H 1
| #define HAVE_INTTYPES_H 1
| #define HAVE_STDINT_H 1
| #define HAVE_STRINGS_H 1
| #define HAVE_SYS_STAT_H 1
| #define HAVE_SYS_TYPES_H 1
| #define HAVE_UNISTD_H 1
| #define STDC_HEADERS 1
| #define KDELIBSUFF ""
| #define HAVE_DLFCN_H 1
| #define LT_OBJDIR ".libs/"
| #define HAVE_SGI_STL 1
| #define HAVE_CRYPT 1
| #define kde_socklen_t socklen_t
| #define HAVE_SYS_TYPES_H 1
| #define HAVE_STDINT_H 1
| #define HAVE_SYS_BITYPES_H 1
| /* end confdefs.h.  */
| #include <stddef.h>
| #ifdef HAVE_STDIO_H
| # include <stdio.h>
| #endif
| #ifdef HAVE_STDLIB_H
| # include <stdlib.h>
| #endif
| #ifdef HAVE_STRING_H
| # include <string.h>
| #endif
| #ifdef HAVE_INTTYPES_H
| # include <inttypes.h>
| #endif
| #ifdef HAVE_STDINT_H
| # include <stdint.h>
| #endif
| #ifdef HAVE_STRINGS_H
| # include <strings.h>
| #endif
| #ifdef HAVE_SYS_TYPES_H
| # include <sys/types.h>
| #endif
| #ifdef HAVE_SYS_STAT_H
| # include <sys/stat.h>
| #endif
| #ifdef HAVE_UNISTD_H
| # include <unistd.h>
| #endif
| #include <Carbon/Carbon.h>
configure:23010: result: no
configure:23019: checking for CoreAudio/CoreAudio.h
configure:23019: gcc -c -W -Wall -Wchar-subscripts -Wshadow -Wpointer-arith -Wmissing-prototypes -Wwrite-strings -D_DEFAULT_SOURCE -O2  -g -O2 -Wformat-security -Wmissing-format-attribute  conftest.c >&5
conftest.c:59:10: fatal error: CoreAudio/CoreAudio.h: No such file or directory
   59 | #include <CoreAudio/CoreAudio.h>
      |          ^~~~~~~~~~~~~~~~~~~~~~~
compilation terminated.
configure:23019: $? = 1
configure: failed program was:
| /* confdefs.h */
| #define PACKAGE_NAME ""
| #define PACKAGE_TARNAME ""
| #define PACKAGE_VERSION ""
| #define PACKAGE_STRING ""
| #define PACKAGE_BUGREPORT ""
| #define PACKAGE_URL ""
| #define PACKAGE "qsidebar_applet"
| #define VERSION "0.1"
| #define HAVE_CXX11 1
| #define HAVE_STDIO_H 1
| #define HAVE_STDLIB_H 1
| #define HAVE_STRING_H 1
| #define HAVE_INTTYPES_H 1
| #define HAVE_STDINT_H 1
| #define HAVE_STRINGS_H 1
| #define HAVE_SYS_STAT_H 1
| #define HAVE_SYS_TYPES_H 1
| #define HAVE_UNISTD_H 1
| #define STDC_HEADERS 1
| #define KDELIBSUFF ""
| #define HAVE_DLFCN_H 1
| #define LT_OBJDIR ".libs/"
| #define HAVE_SGI_STL 1
| #define HAVE_CRYPT 1
| #define kde_socklen_t socklen_t
| #define HAVE_SYS_TYPES_H 1
| #define HAVE_STDINT_H 1
| #define HAVE_SYS_BITYPES_H 1
| /* end confdefs.h.  */
| #include <stddef.h>
| #ifdef HAVE_STDIO_H
| # include <stdio.h>
| #endif
| #ifdef HAVE_STDLIB_H
| # include <stdlib.h>
| #endif
| #ifdef HAVE_STRING_H
| # include <string.h>
| #endif
| #ifdef HAVE_INTTYPES_H
| # include <inttypes.h>
| #endif
| #ifdef HAVE_STDINT_H
| # include <stdint.h>
| #endif
| #ifdef HAVE_STRINGS_H
| # include <strings.h>
| #endif
| #ifdef HAVE_SYS_TYPES_H
| # include <sys/types.h>
| #endif
| #ifdef HAVE_SYS_STAT_H
| # include <sys/stat.h>
| #endif
| #ifdef HAVE_UNISTD_H
| # include <unistd.h>
| #endif
| #include <CoreAudio/CoreAudio.h>
configure:23019: result: no
configure:23032: checking if res_init needs -lresolv
configure:23054: gcc -o conftest -W -Wall -Wchar-subscripts -Wshadow -Wpointer-arith -Wmissing-prototypes -Wwrite-strings -D_DEFAULT_SOURCE -O2  -g -O2 -Wformat-security -Wmissing-format-attribute   conftest.c   -lresolv >&5
configure:23054: $? = 0
configure:23058: result: yes
configure:23075: checking for res_init
configure:23123: g++ -c -Wno-long-long -Wundef -D_DEFAULT_SOURCE -Wcast-align -Wchar-subscripts -Wall -W -Wpointer-arith -O2 -g -O2 -Wformat-security -Wmissing-format-attribute -Wno-non-virtual-dtor -fno-exceptions -fno-check-new -fno-common -pedantic-errors  conftest.cpp >&5
configure:23123: $? = 0
configure:23142: result: yes
configure:23145: checking if res_init needs custom prototype
configure:23222: result: no
configure:23245: checking for killpg in -lucb
configure:23268: gcc -o conftest -W -Wall -Wchar-subscripts -Wshadow -Wpointer-arith -Wmissing-prototypes -Wwrite-strings -D_DEFAULT_SOURCE -O2  -g -O2 -Wformat-security -Wmissing-format-attribute   conftest.c -lucb   >&5
/usr/bin/ld: cannot find -lucb: No such file or directory
collect2: error: ld returned 1 exit status
configure:23268: $? = 1
configure: failed program was:
| /* confdefs.h */
| #define PACKAGE_NAME ""
| #define PACKAGE_TARNAME ""
| #define PACKAGE_VERSION ""
| #define PACKAGE_STRING ""
| #define PACKAGE_BUGREPORT ""
| #define PACKAGE_URL ""
| #define PACKAGE "qsidebar_applet"
| #define VERSION "0.1"
| #define HAVE_CXX11 1
| #define HAVE_STDIO_H 1
| #define HAVE_STDLIB_H 1
| #define HAVE_STRING_H 1
| #define HAVE_INTTYPES_H 1
| #define HAVE_STDINT_H 1
| #define HAVE_STRINGS_H 1
| #define HAVE_SYS_STAT_H 1
| #define HAVE_SYS_TYPES_H 1
| #define HAVE_UNISTD_H 1
| #define STDC_HEADERS 1
| #define KDELIBSUFF ""
| #define HAVE_DLFCN_H 1
| #define LT_OBJDIR ".libs/"
| #define HAVE_SGI_STL 1
| #define HAVE_CRYPT 1
| #define kde_socklen_t socklen_t
| #define HAVE_SYS_TYPES_H 1
| #define HAVE_STDINT_H 1
| #define HAVE_SYS_BITYPES_H 1
| #define HAVE_RES_INIT 1
| #define HAVE_RES_INIT 1
| #define HAVE_RES_INIT_PROTO 1
| /* end confdefs.h.  */
| 
| /* Override any GCC internal prototype to avoid an error.
|    Use char because int might match the return type of a GCC
|    builtin and then its argument prototype would still apply.  */
| char killpg ();
| int
| main (void)
| {
| return killpg ();
|   ;
|   return 0;
| }
configure:23278: result: no
configure:23338: checking size of int
configure:23344: gcc -o conftest -W -Wall -Wchar-subscripts -Wshadow -Wpointer-arith -Wmissing-prototypes -Wwrite-strings -D_DEFAULT_SOURCE -O2  -g -O2 -Wformat-security -Wmissing-format-attribute   conftest.c  >&5
configure:23344: $? = 0
configure:23344: ./conftest
configure:23344: $? = 0
configure:23359: result: 4
configure:23370: checking size of short
configure:23376: gcc -o conftest -W -Wall -Wchar-subscripts -Wshadow -Wpointer-arith -Wmissing-prototypes -Wwrite-strings -D_DEFAULT_SOURCE -O2  -g -O2 -Wformat-security -Wmissing-format-attribute   conftest.c  >&5
configure:23376: $? = 0
configure:23376: ./conftest
configure:23376: $? = 0
configure:23391: result: 2
configure:23402: checking size of long
configure:23408: gcc -o conftest -W -Wall -Wchar-subscripts -Wshadow -Wpointer-arith -Wmissing-prototypes -Wwrite-strings -D_DEFAULT_SOURCE -O2  -g -O2 -Wformat-security -Wmissing-format-attribute   conftest.c  >&5
configure:23408: $? = 0
configure:23408: ./conftest
configure:23408: $? = 0
configure:23423: result: 8
configure:23434: checking size of char *
configure:23440: gcc -o conftest -W -Wall -Wchar-subscripts -Wshadow -Wpointer-arith -Wmissing-prototypes -Wwrite-strings -D_DEFAULT_SOURCE -O2  -g -O2 -Wformat-security -Wmissing-format-attribute   conftest.c  >&5
configure:23440: $? = 0
configure:23440: ./conftest
configure:23440: $? = 0
configure:23455: result: 8
configure:23464: checking for dlopen in -ldl
configure:23487: gcc -o conftest -W -Wall -Wchar-subscripts -Wshadow -Wpointer-arith -Wmissing-prototypes -Wwrite-strings -D_DEFAULT_SOURCE -O2  -g -O2 -Wformat-security -Wmissing-format-attribute   conftest.c -ldl   >&5
configure:23487: $? = 0
configure:23497: result: yes
configure:23508: checking for shl_unload in -ldld
configure:23531: gcc -o conftest -W -Wall -Wchar-subscripts -Wshadow -Wpointer-arith -Wmissing-prototypes -Wwrite-strings -D_DEFAULT_SOURCE -O2  -g -O2 -Wformat-security -Wmissing-format-attribute   conftest.c -ldld   >&5
/usr/bin/ld: cannot find -ldld: No such file or directory
collect2: error: ld returned 1 exit status
configure:23531: $? = 1
configure: failed program was:
| /* confdefs.h */
| #define PACKAGE_NAME ""
| #define PACKAGE_TARNAME ""
| #define PACKAGE_VERSION ""
| #define PACKAGE_STRING ""
| #define PACKAGE_BUGREPORT ""
| #define PACKAGE_URL ""
| #define PACKAGE "qsidebar_applet"
| #define VERSION "0.1"
| #define HAVE_CXX11 1
| #define HAVE_STDIO_H 1
| #define HAVE_STDLIB_H 1
| #define HAVE_STRING_H 1
| #define HAVE_INTTYPES_H 1
| #define HAVE_STDINT_H 1
| #define HAVE_STRINGS_H 1
| #define HAVE_SYS_STAT_H 1
| #define HAVE_SYS_TYPES_H 1
| #define HAVE_UNISTD_H 1
| #define STDC_HEADERS 1
| #define KDELIBSUFF ""
| #define HAVE_DLFCN_H 1
| #define LT_OBJDIR ".libs/"
| #define HAVE_SGI_STL 1
| #define HAVE_CRYPT 1
| #define kde_socklen_t socklen_t
| #define HAVE_SYS_TYPES_H 1
| #define HAVE_STDINT_H 1
| #define HAVE_SYS_BITYPES_H 1
| #define HAVE_RES_INIT 1
| #define HAVE_RES_INIT 1
| #define HAVE_RES_INIT_PROTO 1
| #define SIZEOF_INT 4
| #define SIZEOF_SHORT 2
| #define SIZEOF_LONG 8
| #define SIZEOF_CHAR_P 8
| /* end confdefs.h.  */
| 
| /* Override any GCC internal prototype to avoid an error.
|    Use char because int might match the return type of a GCC
|    builtin and then its argument prototype would still apply.  */
| char shl_unload ();
| int
| main (void)
| {
| return shl_unload ();
|   ;
|   return 0;
| }
configure:23541: result: no
configure:23561: checking size of size_t
configure:23567: gcc -o conftest -W -Wall -Wchar-subscripts -Wshadow -Wpointer-arith -Wmissing-prototypes -Wwrite-strings -D_DEFAULT_SOURCE -O2  -g -O2 -Wformat-security -Wmissing-format-attribute   conftest.c  >&5
configure:23567: $? = 0
configure:23567: ./conftest
configure:23567: $? = 0
configure:23582: result: 8
configure:23594: checking size of unsigned long
configure:23600: gcc -o conftest -W -Wall -Wchar-subscripts -Wshadow -Wpointer-arith -Wmissing-prototypes -Wwrite-strings -D_DEFAULT_SOURCE -O2  -g -O2 -Wformat-security -Wmissing-format-attribute   conftest.c  >&5
configure:23600: $? = 0
configure:23600: ./conftest
configure:23600: $? = 0
configure:23615: result: 8
configure:23624: checking sizeof size_t == sizeof unsigned long
configure:23641: gcc -c -W -Wall -Wchar-subscripts -Wshadow -Wpointer-arith -Wmissing-prototypes -Wwrite-strings -D_DEFAULT_SOURCE -O2  -g -O2 -Wformat-security -Wmissing-format-attribute  conftest.c >&5
configure:23641: $? = 0
configure:23643: result: yes
configure:23658: checking for PIE support
configure:23691: rm -rf SunWS_cache; g++ -o conftest -Wno-long-long -Wundef -D_DEFAULT_SOURCE -Wcast-align -Wchar-subscripts -Wall -W -Wpointer-arith -O2 -g -O2 -Wformat-security -Wmissing-format-attribute -Wno-non-virtual-dtor -fno-exceptions -fno-check-new -fno-common -fPIE   -pie conftest.cpp  1>&5
configure:23691: $? = 0
configure:23710: result: yes
configure:23713: checking if enabling -pie/fPIE support
configure:23729: result: yes
configure:23745: checking for crt_externs.h
configure:23745: gcc -c -W -Wall -Wchar-subscripts -Wshadow -Wpointer-arith -Wmissing-prototypes -Wwrite-strings -D_DEFAULT_SOURCE -O2  -g -O2 -Wformat-security -Wmissing-format-attribute  conftest.c >&5
conftest.c:68:10: fatal error: crt_externs.h: No such file or directory
   68 | #include <crt_externs.h>
      |          ^~~~~~~~~~~~~~~
compilation terminated.
configure:23745: $? = 1
configure: failed program was:
| /* confdefs.h */
| #define PACKAGE_NAME ""
| #define PACKAGE_TARNAME ""
| #define PACKAGE_VERSION ""
| #define PACKAGE_STRING ""
| #define PACKAGE_BUGREPORT ""
| #define PACKAGE_URL ""
| #define PACKAGE "qsidebar_applet"
| #define VERSION "0.1"
| #define HAVE_CXX11 1
| #define HAVE_STDIO_H 1
| #define HAVE_STDLIB_H 1
| #define HAVE_STRING_H 1
| #define HAVE_INTTYPES_H 1
| #define HAVE_STDINT_H 1
| #define HAVE_STRINGS_H 1
| #define HAVE_SYS_STAT_H 1
| #define HAVE_SYS_TYPES_H 1
| #define HAVE_UNISTD_H 1
| #define STDC_HEADERS 1
| #define KDELIBSUFF ""
| #define HAVE_DLFCN_H 1
| #define LT_OBJDIR ".libs/"
| #define HAVE_SGI_STL 1
| #define HAVE_CRYPT 1
| #define kde_socklen_t socklen_t
| #define HAVE_SYS_TYPES_H 1
| #define HAVE_STDINT_H 1
| #define HAVE_SYS_BITYPES_H 1
| #define HAVE_RES_INIT 1
| #define HAVE_RES_INIT 1
| #define HAVE_RES_INIT_PROTO 1
| #define SIZEOF_INT 4
| #define SIZEOF_SHORT 2
| #define SIZEOF_LONG 8
| #define SIZEOF_CHAR_P 8
| #define SIZEOF_SIZE_T 8
| #define SIZEOF_UNSIGNED_LONG 8
| /* end confdefs.h.  */
| #include <stddef.h>
| #ifdef HAVE_STDIO_H
| # include <stdio.h>
| #endif
| #ifdef HAVE_STDLIB_H
| # include <stdlib.h>
| #endif
| #ifdef HAVE_STRING_H
| # include <string.h>
| #endif
| #ifdef HAVE_INTTYPES_H
| # include <inttypes.h>
| #endif
| #ifdef HAVE_STDINT_H
| # include <stdint.h>
| #endif
| #ifdef HAVE_STRINGS_H
| # include <strings.h>
| #endif
| #ifdef HAVE_SYS_TYPES_H
| # include <sys/types.h>
| #endif
| #ifdef HAVE_SYS_STAT_H
| # include <sys/stat.h>
| #endif
| #ifdef HAVE_UNISTD_H
| # include <unistd.h>
| #endif
| #include <crt_externs.h>
configure:23745: result: no
configure:23752: checking for _NSGetEnviron
configure:23752: gcc -o conftest -W -Wall -Wchar-subscripts -Wshadow -Wpointer-arith -Wmissing-prototypes -Wwrite-strings -D_DEFAULT_SOURCE -O2  -g -O2 -Wformat-security -Wmissing-format-attribute   conftest.c  >&5
/usr/bin/ld: /tmp/ccLVevhC.o: in function `main':
/home/cdef/live_tools/sidebar/kickapplet/conftest.c:67: undefined reference to `_NSGetEnviron'
collect2: error: ld returned 1 exit status
configure:23752: $? = 1
configure: failed program was:
| /* confdefs.h */
| #define PACKAGE_NAME ""
| #define PACKAGE_TARNAME ""
| #define PACKAGE_VERSION ""
| #define PACKAGE_STRING ""
| #define PACKAGE_BUGREPORT ""
| #define PACKAGE_URL ""
| #define PACKAGE "qsidebar_applet"
| #define VERSION "0.1"
| #define HAVE_CXX11 1
| #define HAVE_STDIO_H 1
| #define HAVE_STDLIB_H 1
| #define HAVE_STRING_H 1
| #define HAVE_INTTYPES_H 1
| #define HAVE_STDINT_H 1
| #define HAVE_STRINGS_H 1
| #define HAVE_SYS_STAT_H 1
| #define HAVE_SYS_TYPES_H 1
| #define HAVE_UNISTD_H 1
| #define STDC_HEADERS 1
| #define KDELIBSUFF ""
| #define HAVE_DLFCN_H 1
| #define LT_OBJDIR ".libs/"
| #define HAVE_SGI_STL 1
| #define HAVE_CRYPT 1
| #define kde_socklen_t socklen_t
| #define HAVE_SYS_TYPES_H 1
| #define HAVE_STDINT_H 1
| #define HAVE_SYS_BITYPES_H 1
| #define HAVE_RES_INIT 1
| #define HAVE_RES_INIT 1
| #define HAVE_RES_INIT_PROTO 1
| #define SIZEOF_INT 4
| #define SIZEOF_SHORT 2
| #define SIZEOF_LONG 8
| #define SIZEOF_CHAR_P 8
| #define SIZEOF_SIZE_T 8
| #define SIZEOF_UNSIGNED_LONG 8
| /* end confdefs.h.  */
| /* Define _NSGetEnviron to an innocuous variant, in case <limits.h> declares _NSGetEnviron.
|    For example, HP-UX 11i <limits.h> declares gettimeofday.  */
| #define _NSGetEnviron innocuous__NSGetEnviron
| 
| /* System header to define __stub macros and hopefully few prototypes,
|    which can conflict with char _NSGetEnviron (); below.  */
| 
| #include <limits.h>
| #undef _NSGetEnviron
| 
| /* Override any GCC internal prototype to avoid an error.
|    Use char because int might match the return type of a GCC
|    builtin and then its argument prototype would still apply.  */
| #ifdef __cplusplus
| extern "C"
| #endif
| char _NSGetEnviron ();
| /* The GNU C library defines this for functions which it implements
|     to always fail with ENOSYS.  Some functions are actually named
|     something starting with __ and the normal name is an alias.  */
| #if defined __stub__NSGetEnviron || defined __stub____NSGetEnviron
| choke me
| #endif
| 
| int
| main (void)
| {
| return _NSGetEnviron ();
|   ;
|   return 0;
| }
configure:23752: result: no
configure:23765: checking for vsnprintf
configure:23765: gcc -o conftest -W -Wall -Wchar-subscripts -Wshadow -Wpointer-arith -Wmissing-prototypes -Wwrite-strings -D_DEFAULT_SOURCE -O2  -g -O2 -Wformat-security -Wmissing-format-attribute   conftest.c  >&5
conftest.c:56:6: warning: conflicting types for built-in function 'vsnprintf'; expected 'int(char *, long unsigned int,  const char *, __va_list_tag *)' [-Wbuiltin-declaration-mismatch]
   56 | char vsnprintf ();
      |      ^~~~~~~~~
conftest.c:48:1: note: 'vsnprintf' is declared in header '<stdio.h>'
   47 | #include <limits.h>
   48 | #undef vsnprintf
configure:23765: $? = 0
configure:23765: result: yes
configure:23771: checking for snprintf
configure:23771: gcc -o conftest -W -Wall -Wchar-subscripts -Wshadow -Wpointer-arith -Wmissing-prototypes -Wwrite-strings -D_DEFAULT_SOURCE -O2  -g -O2 -Wformat-security -Wmissing-format-attribute   conftest.c  >&5
conftest.c:57:6: warning: conflicting types for built-in function 'snprintf'; expected 'int(char *, long unsigned int,  const char *, ...)' [-Wbuiltin-declaration-mismatch]
   57 | char snprintf ();
      |      ^~~~~~~~
conftest.c:49:1: note: 'snprintf' is declared in header '<stdio.h>'
   48 | #include <limits.h>
   49 | #undef snprintf
configure:23771: $? = 0
configure:23771: result: yes
configure:23828: checking for X
configure:23863: gcc -E  conftest.c
configure:23863: $? = 0
configure:23936: gcc -o conftest -W -Wall -Wchar-subscripts -Wshadow -Wpointer-arith -Wmissing-prototypes -Wwrite-strings -D_DEFAULT_SOURCE -O2  -g -O2 -Wformat-security -Wmissing-format-attribute   conftest.c -lXt  >&5
configure:23936: $? = 0
configure:24080: result: libraries /usr/lib, headers .
configure:24109: checking for IceConnectionNumber in -lICE
configure:24132: gcc -o conftest -W -Wall -Wchar-subscripts -Wshadow -Wpointer-arith -Wmissing-prototypes -Wwrite-strings -D_DEFAULT_SOURCE -O2  -g -O2 -Wformat-security -Wmissing-format-attribute    conftest.c -lICE   >&5
configure:24132: $? = 0
configure:24142: result: yes
configure:24153: checking for libXext
configure:24184: gcc -o conftest -W -Wall -Wchar-subscripts -Wshadow -Wpointer-arith -Wmissing-prototypes -Wwrite-strings -D_DEFAULT_SOURCE -O2  -g -O2 -Wformat-security -Wmissing-format-attribute     conftest.c -lXext -lX11  >&5
configure:24184: $? = 0
configure:24200: result: yes
configure:24323: checking for pthread_create in -lpthread
configure:24346: gcc -o conftest -W -Wall -Wchar-subscripts -Wshadow -Wpointer-arith -Wmissing-prototypes -Wwrite-strings -D_DEFAULT_SOURCE -O2  -g -O2 -Wformat-security -Wmissing-format-attribute -I/usr/include/tqt   conftest.c -lpthread   >&5
configure:24346: $? = 0
configure:24356: result: yes
configure:24553: checking for extra includes
configure:24582: result: no
configure:24586: checking for extra libs
configure:24616: result: no
configure:24622: checking for libz
configure:24654: gcc -o conftest -W -Wall -Wchar-subscripts -Wshadow -Wpointer-arith -Wmissing-prototypes -Wwrite-strings -D_DEFAULT_SOURCE -O2  -g -O2 -Wformat-security -Wmissing-format-attribute -I/usr/include/tqt -I.   -D_REENTRANT  conftest.c     -lz  >&5
configure:24654: $? = 0
configure:24671: result: -lz
configure:24686: checking for libpng
configure:24719: gcc -o conftest -W -Wall -Wchar-subscripts -Wshadow -Wpointer-arith -Wmissing-prototypes -Wwrite-strings -D_DEFAULT_SOURCE -O2  -g -O2 -Wformat-security -Wmissing-format-attribute -I/usr/include/tqt -I.   -D_REENTRANT  conftest.c      -lpng -lz -lm -lX11  >&5
configure:24719: $? = 0
configure:24738: result: -lpng -lz -lm
configure:24749: checking for libjpeg6b
configure:24779: gcc -o conftest -W -Wall -Wchar-subscripts -Wshadow -Wpointer-arith -Wmissing-prototypes -Wwrite-strings -D_DEFAULT_SOURCE -O2  -g -O2 -Wformat-security -Wmissing-format-attribute -I/usr/include/tqt -I.   -D_REENTRANT  conftest.c     -ljpeg6b -lm >&5
/usr/bin/ld: cannot find -ljpeg6b: No such file or directory
collect2: error: ld returned 1 exit status
configure:24779: $? = 1
configure: failed program was:
| /* confdefs.h */
| #define PACKAGE_NAME ""
| #define PACKAGE_TARNAME ""
| #define PACKAGE_VERSION ""
| #define PACKAGE_STRING ""
| #define PACKAGE_BUGREPORT ""
| #define PACKAGE_URL ""
| #define PACKAGE "qsidebar_applet"
| #define VERSION "0.1"
| #define HAVE_CXX11 1
| #define HAVE_STDIO_H 1
| #define HAVE_STDLIB_H 1
| #define HAVE_STRING_H 1
| #define HAVE_INTTYPES_H 1
| #define HAVE_STDINT_H 1
| #define HAVE_STRINGS_H 1
| #define HAVE_SYS_STAT_H 1
| #define HAVE_SYS_TYPES_H 1
| #define HAVE_UNISTD_H 1
| #define STDC_HEADERS 1
| #define KDELIBSUFF ""
| #define HAVE_DLFCN_H 1
| #define LT_OBJDIR ".libs/"
| #define HAVE_SGI_STL 1
| #define HAVE_CRYPT 1
| #define kde_socklen_t socklen_t
| #define HAVE_SYS_TYPES_H 1
| #define HAVE_STDINT_H 1
| #define HAVE_SYS_BITYPES_H 1
| #define HAVE_RES_INIT 1
| #define HAVE_RES_INIT 1
| #define HAVE_RES_INIT_PROTO 1
| #define SIZEOF_INT 4
| #define SIZEOF_SHORT 2
| #define SIZEOF_LONG 8
| #define SIZEOF_CHAR_P 8
| #define SIZEOF_SIZE_T 8
| #define SIZEOF_UNSIGNED_LONG 8
| #define HAVE_VSNPRINTF 1
| #define HAVE_SNPRINTF 1
| #define HAVE_LIBZ 1
| #define HAVE_LIBPNG 1
| /* end confdefs.h.  */
| 
| #ifdef __cplusplus
| extern "C" {
| #endif
| void jpeg_CreateDecompress();
| #ifdef __cplusplus
| }
| #endif
| 
| int
| main (void)
| {
| jpeg_CreateDecompress();
|   ;
|   return 0;
| }
configure:24798: result: no
configure:24801: checking for libjpeg
configure:24831: gcc -o conftest -W -Wall -Wchar-subscripts -Wshadow -Wpointer-arith -Wmissing-prototypes -Wwrite-strings -D_DEFAULT_SOURCE -O2  -g -O2 -Wformat-security -Wmissing-format-attribute -I/usr/include/tqt -I.   -D_REENTRANT  conftest.c     -ljpeg -lm >&5
configure:24831: $? = 0
configure:24847: result: -ljpeg
configure: 24871: ${prefix}/include/jpeglib.h
configure: 24871: /usr/include/jpeglib.h
taking that
configure:24915: checking for perl
configure:24973: result: /usr/bin/perl
configure:25109: checking for TQt
configure: 25227: /usr/lib/tqt3/include/ntqstyle.h
configure: 25227: /usr/lib/tqt3/ntqstyle.h
configure: 25227: /usr/share/tqt3/include/ntqstyle.h
taking that
tried NO
tried /usr/lib/tqt3/include
tried /usr/lib/tqt3
tried /usr/share/tqt3/include
tried /usr/share/tqt3
tried /usr/include
tried /usr
tried /usr/include/tqt3
tried /usr/include/tqt3
tried /usr/include
tried /usr/X11R6/include/X11/tqt
tried /usr/X11R6/include/tqt
tried .
configure:25398: rm -rf SunWS_cache; g++ -o conftest -Wno-long-long -Wundef -D_DEFAULT_SOURCE -Wcast-align -Wchar-subscripts -Wall -W -Wpointer-arith -O2 -g -O2 -Wformat-security -Wmissing-format-attribute -Wno-non-virtual-dtor -fno-exceptions -fno-check-new -fno-common -I/usr/include/tqt -I/usr/share/tqt3/include -I.  -DTQT_THREAD_SUPPORT  -D_REENTRANT  -L/usr/lib/x86_64-linux-gnu      conftest.cpp  -ltqt-mt -lpng -lz -lm -ljpeg -ldl  -lXext -lX11 -lSM -lICE  -lpthread 1>&5
In file included from /usr/share/tqt3/include/ntqgdict.h:46,
                 from /usr/share/tqt3/include/ntqasciidict.h:45,
                 from /usr/include/tqt/tqapplication.h:26,
                 from conftest.cpp:3:
/usr/share/tqt3/include/ntqstring.h: In member function 'TQCharRef TQCharRef::operator=(char)':
/usr/share/tqt3/include/ntqstring.h:776:45: warning: implicitly-declared 'constexpr TQChar& TQChar::operator=(const TQChar&)' is deprecated [-Wdeprecated-copy]
  776 |     TQCharRef operator=(char c ) { s.ref(p)=c; return *this; }
      |                                             ^
/usr/share/tqt3/include/ntqstring.h:278:8: note: because 'TQChar' has user-provided 'TQChar::TQChar(const TQChar&)'
  278 | inline TQChar::TQChar( const TQChar& c ) : ucs( c.ucs )
      |        ^~~~~~
/usr/share/tqt3/include/ntqstring.h:776:55: warning: implicitly-declared 'constexpr TQCharRef::TQCharRef(const TQCharRef&)' is deprecated [-Wdeprecated-copy]
  776 |     TQCharRef operator=(char c ) { s.ref(p)=c; return *this; }
      |                                                       ^~~~~
/usr/share/tqt3/include/ntqstring.h:779:15: note: because 'TQCharRef' has user-provided 'TQCharRef TQCharRef::operator=(const TQCharRef&)'
  779 |     TQCharRef operator=(const TQCharRef& c ) { s.ref(p)=c.unicode(); return *this; }
      |               ^~~~~~~~
/usr/share/tqt3/include/ntqstring.h: In member function 'TQCharRef TQCharRef::operator=(uchar)':
/usr/share/tqt3/include/ntqstring.h:777:46: warning: implicitly-declared 'constexpr TQChar& TQChar::operator=(const TQChar&)' is deprecated [-Wdeprecated-copy]
  777 |     TQCharRef operator=(uchar c ) { s.ref(p)=c; return *this; }
      |                                              ^
/usr/share/tqt3/include/ntqstring.h:278:8: note: because 'TQChar' has user-provided 'TQChar::TQChar(const TQChar&)'
  278 | inline TQChar::TQChar( const TQChar& c ) : ucs( c.ucs )
      |        ^~~~~~
/usr/share/tqt3/include/ntqstring.h:777:56: warning: implicitly-declared 'constexpr TQCharRef::TQCharRef(const TQCharRef&)' is deprecated [-Wdeprecated-copy]
  777 |     TQCharRef operator=(uchar c ) { s.ref(p)=c; return *this; }
      |                                                        ^~~~~
/usr/share/tqt3/include/ntqstring.h:779:15: note: because 'TQCharRef' has user-provided 'TQCharRef TQCharRef::operator=(const TQCharRef&)'
  779 |     TQCharRef operator=(const TQCharRef& c ) { s.ref(p)=c.unicode(); return *this; }
      |               ^~~~~~~~
/usr/share/tqt3/include/ntqstring.h: In member function 'TQCharRef TQCharRef::operator=(TQChar)':
/usr/share/tqt3/include/ntqstring.h:778:47: warning: implicitly-declared 'constexpr TQChar& TQChar::operator=(const TQChar&)' is deprecated [-Wdeprecated-copy]
  778 |     TQCharRef operator=(TQChar c ) { s.ref(p)=c; return *this; }
      |                                               ^
/usr/share/tqt3/include/ntqstring.h:278:8: note: because 'TQChar' has user-provided 'TQChar::TQChar(const TQChar&)'
  278 | inline TQChar::TQChar( const TQChar& c ) : ucs( c.ucs )
      |        ^~~~~~
/usr/share/tqt3/include/ntqstring.h:778:57: warning: implicitly-declared 'constexpr TQCharRef::TQCharRef(const TQCharRef&)' is deprecated [-Wdeprecated-copy]
  778 |     TQCharRef operator=(TQChar c ) { s.ref(p)=c; return *this; }
      |                                                         ^~~~~
/usr/share/tqt3/include/ntqstring.h:779:15: note: because 'TQCharRef' has user-provided 'TQCharRef TQCharRef::operator=(const TQCharRef&)'
  779 |     TQCharRef operator=(const TQCharRef& c ) { s.ref(p)=c.unicode(); return *this; }
      |               ^~~~~~~~
/usr/share/tqt3/include/ntqstring.h: In member function 'TQCharRef TQCharRef::operator=(const TQCharRef&)':
/usr/share/tqt3/include/ntqstring.h:779:67: warning: implicitly-declared 'constexpr TQChar& TQChar::operator=(const TQChar&)' is deprecated [-Wdeprecated-copy]
  779 |     TQCharRef operator=(const TQCharRef& c ) { s.ref(p)=c.unicode(); return *this; }
      |                                                                   ^
/usr/share/tqt3/include/ntqstring.h:278:8: note: because 'TQChar' has user-provided 'TQChar::TQChar(const TQChar&)'
  278 | inline TQChar::TQChar( const TQChar& c ) : ucs( c.ucs )
      |        ^~~~~~
/usr/share/tqt3/include/ntqstring.h:779:77: warning: implicitly-declared 'constexpr TQCharRef::TQCharRef(const TQCharRef&)' is deprecated [-Wdeprecated-copy]
  779 |     TQCharRef operator=(const TQCharRef& c ) { s.ref(p)=c.unicode(); return *this; }
      |                                                                             ^~~~~
/usr/share/tqt3/include/ntqstring.h:779:15: note: because 'TQCharRef' has user-provided 'TQCharRef TQCharRef::operator=(const TQCharRef&)'
  779 |     TQCharRef operator=(const TQCharRef& c ) { s.ref(p)=c.unicode(); return *this; }
      |               ^~~~~~~~
/usr/share/tqt3/include/ntqstring.h: In member function 'TQCharRef TQCharRef::operator=(ushort)':
/usr/share/tqt3/include/ntqstring.h:780:48: warning: implicitly-declared 'constexpr TQChar& TQChar::operator=(const TQChar&)' is deprecated [-Wdeprecated-copy]
  780 |     TQCharRef operator=(ushort rc ) { s.ref(p)=rc; return *this; }
      |                                                ^~
/usr/share/tqt3/include/ntqstring.h:278:8: note: because 'TQChar' has user-provided 'TQChar::TQChar(const TQChar&)'
  278 | inline TQChar::TQChar( const TQChar& c ) : ucs( c.ucs )
      |        ^~~~~~
/usr/share/tqt3/include/ntqstring.h:780:59: warning: implicitly-declared 'constexpr TQCharRef::TQCharRef(const TQCharRef&)' is deprecated [-Wdeprecated-copy]
  780 |     TQCharRef operator=(ushort rc ) { s.ref(p)=rc; return *this; }
      |                                                           ^~~~~
/usr/share/tqt3/include/ntqstring.h:779:15: note: because 'TQCharRef' has user-provided 'TQCharRef TQCharRef::operator=(const TQCharRef&)'
  779 |     TQCharRef operator=(const TQCharRef& c ) { s.ref(p)=c.unicode(); return *this; }
      |               ^~~~~~~~
/usr/share/tqt3/include/ntqstring.h: In member function 'TQCharRef TQCharRef::operator=(short int)':
/usr/share/tqt3/include/ntqstring.h:781:47: warning: implicitly-declared 'constexpr TQChar& TQChar::operator=(const TQChar&)' is deprecated [-Wdeprecated-copy]
  781 |     TQCharRef operator=(short rc ) { s.ref(p)=rc; return *this; }
      |                                               ^~
/usr/share/tqt3/include/ntqstring.h:278:8: note: because 'TQChar' has user-provided 'TQChar::TQChar(const TQChar&)'
  278 | inline TQChar::TQChar( const TQChar& c ) : ucs( c.ucs )
      |        ^~~~~~
/usr/share/tqt3/include/ntqstring.h:781:58: warning: implicitly-declared 'constexpr TQCharRef::TQCharRef(const TQCharRef&)' is deprecated [-Wdeprecated-copy]
  781 |     TQCharRef operator=(short rc ) { s.ref(p)=rc; return *this; }
      |                                                          ^~~~~
/usr/share/tqt3/include/ntqstring.h:779:15: note: because 'TQCharRef' has user-provided 'TQCharRef TQCharRef::operator=(const TQCharRef&)'
  779 |     TQCharRef operator=(const TQCharRef& c ) { s.ref(p)=c.unicode(); return *this; }
      |               ^~~~~~~~
/usr/share/tqt3/include/ntqstring.h: In member function 'TQCharRef TQCharRef::operator=(uint)':
/usr/share/tqt3/include/ntqstring.h:782:46: warning: implicitly-declared 'constexpr TQChar& TQChar::operator=(const TQChar&)' is deprecated [-Wdeprecated-copy]
  782 |     TQCharRef operator=(uint rc ) { s.ref(p)=rc; return *this; }
      |                                              ^~
/usr/share/tqt3/include/ntqstring.h:278:8: note: because 'TQChar' has user-provided 'TQChar::TQChar(const TQChar&)'
  278 | inline TQChar::TQChar( const TQChar& c ) : ucs( c.ucs )
      |        ^~~~~~
/usr/share/tqt3/include/ntqstring.h:782:57: warning: implicitly-declared 'constexpr TQCharRef::TQCharRef(const TQCharRef&)' is deprecated [-Wdeprecated-copy]
  782 |     TQCharRef operator=(uint rc ) { s.ref(p)=rc; return *this; }
      |                                                         ^~~~~
/usr/share/tqt3/include/ntqstring.h:779:15: note: because 'TQCharRef' has user-provided 'TQCharRef TQCharRef::operator=(const TQCharRef&)'
  779 |     TQCharRef operator=(const TQCharRef& c ) { s.ref(p)=c.unicode(); return *this; }
      |               ^~~~~~~~
/usr/share/tqt3/include/ntqstring.h: In member function 'TQCharRef TQCharRef::operator=(int)':
/usr/share/tqt3/include/ntqstring.h:783:45: warning: implicitly-declared 'constexpr TQChar& TQChar::operator=(const TQChar&)' is deprecated [-Wdeprecated-copy]
  783 |     TQCharRef operator=(int rc ) { s.ref(p)=rc; return *this; }
      |                                             ^~
/usr/share/tqt3/include/ntqstring.h:278:8: note: because 'TQChar' has user-provided 'TQChar::TQChar(const TQChar&)'
  278 | inline TQChar::TQChar( const TQChar& c ) : ucs( c.ucs )
      |        ^~~~~~
/usr/share/tqt3/include/ntqstring.h:783:56: warning: implicitly-declared 'constexpr TQCharRef::TQCharRef(const TQCharRef&)' is deprecated [-Wdeprecated-copy]
  783 |     TQCharRef operator=(int rc ) { s.ref(p)=rc; return *this; }
      |                                                        ^~~~~
/usr/share/tqt3/include/ntqstring.h:779:15: note: because 'TQCharRef' has user-provided 'TQCharRef TQCharRef::operator=(const TQCharRef&)'
  779 |     TQCharRef operator=(const TQCharRef& c ) { s.ref(p)=c.unicode(); return *this; }
      |               ^~~~~~~~
configure:25401: $? = 0
configure:25457: result: libraries /usr/lib/x86_64-linux-gnu, headers /usr/share/tqt3/include using -mt
configure:25627: checking for tqmoc
configure:25691: result: /usr/share/tqt3/bin/tqmoc
configure:25700: checking for uic-tqt
configure:25755: result: /usr/bin/uic-tqt
configure:25787: checking whether uic supports -L 
configure:25799: /usr/bin/uic-tqt -L /nonexistent conftest.ui >/dev/null
configure:25802: $? = 0
configure:25814: result: yes
configure:25826: checking whether uic supports -nounload 
configure:25838: /usr/bin/uic-tqt -nounload  conftest.ui >/dev/null
configure:25841: $? = 0
configure:25853: result: yes
configure:25889: checking if TQt is available
configure:25924: rm -rf SunWS_cache; g++ -o conftest -Wno-long-long -Wundef -D_DEFAULT_SOURCE -Wcast-align -Wchar-subscripts -Wall -W -Wpointer-arith -O2 -g -O2 -Wformat-security -Wmissing-format-attribute -Wno-non-virtual-dtor -fno-exceptions -fno-check-new -fno-common -I/usr/include/tqt -I/usr/share/tqt3/include -I.   -DTQT_THREAD_SUPPORT  -D_REENTRANT  conftest.cpp -L/usr/lib/x86_64-linux-gnu     -ltqt-mt -lpng -lz -lm -ljpeg -ldl  -lXext -lX11 -lSM -lICE  -ltqt 1>&5
In file included from /usr/share/tqt3/include/ntqwindowdefs.h:47,
                 from /usr/share/tqt3/include/ntqobject.h:46,
                 from /usr/share/tqt3/include/ntqtimer.h:45,
                 from /usr/include/tqt/tqtimer.h:26,
                 from conftest.cpp:46:
/usr/share/tqt3/include/ntqstring.h: In member function 'TQCharRef TQCharRef::operator=(char)':
/usr/share/tqt3/include/ntqstring.h:776:45: warning: implicitly-declared 'constexpr TQChar& TQChar::operator=(const TQChar&)' is deprecated [-Wdeprecated-copy]
  776 |     TQCharRef operator=(char c ) { s.ref(p)=c; return *this; }
      |                                             ^
/usr/share/tqt3/include/ntqstring.h:278:8: note: because 'TQChar' has user-provided 'TQChar::TQChar(const TQChar&)'
  278 | inline TQChar::TQChar( const TQChar& c ) : ucs( c.ucs )
      |        ^~~~~~
/usr/share/tqt3/include/ntqstring.h:776:55: warning: implicitly-declared 'constexpr TQCharRef::TQCharRef(const TQCharRef&)' is deprecated [-Wdeprecated-copy]
  776 |     TQCharRef operator=(char c ) { s.ref(p)=c; return *this; }
      |                                                       ^~~~~
/usr/share/tqt3/include/ntqstring.h:779:15: note: because 'TQCharRef' has user-provided 'TQCharRef TQCharRef::operator=(const TQCharRef&)'
  779 |     TQCharRef operator=(const TQCharRef& c ) { s.ref(p)=c.unicode(); return *this; }
      |               ^~~~~~~~
/usr/share/tqt3/include/ntqstring.h: In member function 'TQCharRef TQCharRef::operator=(uchar)':
/usr/share/tqt3/include/ntqstring.h:777:46: warning: implicitly-declared 'constexpr TQChar& TQChar::operator=(const TQChar&)' is deprecated [-Wdeprecated-copy]
  777 |     TQCharRef operator=(uchar c ) { s.ref(p)=c; return *this; }
      |                                              ^
/usr/share/tqt3/include/ntqstring.h:278:8: note: because 'TQChar' has user-provided 'TQChar::TQChar(const TQChar&)'
  278 | inline TQChar::TQChar( const TQChar& c ) : ucs( c.ucs )
      |        ^~~~~~
/usr/share/tqt3/include/ntqstring.h:777:56: warning: implicitly-declared 'constexpr TQCharRef::TQCharRef(const TQCharRef&)' is deprecated [-Wdeprecated-copy]
  777 |     TQCharRef operator=(uchar c ) { s.ref(p)=c; return *this; }
      |                                                        ^~~~~
/usr/share/tqt3/include/ntqstring.h:779:15: note: because 'TQCharRef' has user-provided 'TQCharRef TQCharRef::operator=(const TQCharRef&)'
  779 |     TQCharRef operator=(const TQCharRef& c ) { s.ref(p)=c.unicode(); return *this; }
      |               ^~~~~~~~
/usr/share/tqt3/include/ntqstring.h: In member function 'TQCharRef TQCharRef::operator=(TQChar)':
/usr/share/tqt3/include/ntqstring.h:778:47: warning: implicitly-declared 'constexpr TQChar& TQChar::operator=(const TQChar&)' is deprecated [-Wdeprecated-copy]
  778 |     TQCharRef operator=(TQChar c ) { s.ref(p)=c; return *this; }
      |                                               ^
/usr/share/tqt3/include/ntqstring.h:278:8: note: because 'TQChar' has user-provided 'TQChar::TQChar(const TQChar&)'
  278 | inline TQChar::TQChar( const TQChar& c ) : ucs( c.ucs )
      |        ^~~~~~
/usr/share/tqt3/include/ntqstring.h:778:57: warning: implicitly-declared 'constexpr TQCharRef::TQCharRef(const TQCharRef&)' is deprecated [-Wdeprecated-copy]
  778 |     TQCharRef operator=(TQChar c ) { s.ref(p)=c; return *this; }
      |                                                         ^~~~~
/usr/share/tqt3/include/ntqstring.h:779:15: note: because 'TQCharRef' has user-provided 'TQCharRef TQCharRef::operator=(const TQCharRef&)'
  779 |     TQCharRef operator=(const TQCharRef& c ) { s.ref(p)=c.unicode(); return *this; }
      |               ^~~~~~~~
/usr/share/tqt3/include/ntqstring.h: In member function 'TQCharRef TQCharRef::operator=(const TQCharRef&)':
/usr/share/tqt3/include/ntqstring.h:779:67: warning: implicitly-declared 'constexpr TQChar& TQChar::operator=(const TQChar&)' is deprecated [-Wdeprecated-copy]
  779 |     TQCharRef operator=(const TQCharRef& c ) { s.ref(p)=c.unicode(); return *this; }
      |                                                                   ^
/usr/share/tqt3/include/ntqstring.h:278:8: note: because 'TQChar' has user-provided 'TQChar::TQChar(const TQChar&)'
  278 | inline TQChar::TQChar( const TQChar& c ) : ucs( c.ucs )
      |        ^~~~~~
/usr/share/tqt3/include/ntqstring.h:779:77: warning: implicitly-declared 'constexpr TQCharRef::TQCharRef(const TQCharRef&)' is deprecated [-Wdeprecated-copy]
  779 |     TQCharRef operator=(const TQCharRef& c ) { s.ref(p)=c.unicode(); return *this; }
      |                                                                             ^~~~~
/usr/share/tqt3/include/ntqstring.h:779:15: note: because 'TQCharRef' has user-provided 'TQCharRef TQCharRef::operator=(const TQCharRef&)'
  779 |     TQCharRef operator=(const TQCharRef& c ) { s.ref(p)=c.unicode(); return *this; }
      |               ^~~~~~~~
/usr/share/tqt3/include/ntqstring.h: In member function 'TQCharRef TQCharRef::operator=(ushort)':
/usr/share/tqt3/include/ntqstring.h:780:48: warning: implicitly-declared 'constexpr TQChar& TQChar::operator=(const TQChar&)' is deprecated [-Wdeprecated-copy]
  780 |     TQCharRef operator=(ushort rc ) { s.ref(p)=rc; return *this; }
      |                                                ^~
/usr/share/tqt3/include/ntqstring.h:278:8: note: because 'TQChar' has user-provided 'TQChar::TQChar(const TQChar&)'
  278 | inline TQChar::TQChar( const TQChar& c ) : ucs( c.ucs )
      |        ^~~~~~
/usr/share/tqt3/include/ntqstring.h:780:59: warning: implicitly-declared 'constexpr TQCharRef::TQCharRef(const TQCharRef&)' is deprecated [-Wdeprecated-copy]
  780 |     TQCharRef operator=(ushort rc ) { s.ref(p)=rc; return *this; }
      |                                                           ^~~~~
/usr/share/tqt3/include/ntqstring.h:779:15: note: because 'TQCharRef' has user-provided 'TQCharRef TQCharRef::operator=(const TQCharRef&)'
  779 |     TQCharRef operator=(const TQCharRef& c ) { s.ref(p)=c.unicode(); return *this; }
      |               ^~~~~~~~
/usr/share/tqt3/include/ntqstring.h: In member function 'TQCharRef TQCharRef::operator=(short int)':
/usr/share/tqt3/include/ntqstring.h:781:47: warning: implicitly-declared 'constexpr TQChar& TQChar::operator=(const TQChar&)' is deprecated [-Wdeprecated-copy]
  781 |     TQCharRef operator=(short rc ) { s.ref(p)=rc; return *this; }
      |                                               ^~
/usr/share/tqt3/include/ntqstring.h:278:8: note: because 'TQChar' has user-provided 'TQChar::TQChar(const TQChar&)'
  278 | inline TQChar::TQChar( const TQChar& c ) : ucs( c.ucs )
      |        ^~~~~~
/usr/share/tqt3/include/ntqstring.h:781:58: warning: implicitly-declared 'constexpr TQCharRef::TQCharRef(const TQCharRef&)' is deprecated [-Wdeprecated-copy]
  781 |     TQCharRef operator=(short rc ) { s.ref(p)=rc; return *this; }
      |                                                          ^~~~~
/usr/share/tqt3/include/ntqstring.h:779:15: note: because 'TQCharRef' has user-provided 'TQCharRef TQCharRef::operator=(const TQCharRef&)'
  779 |     TQCharRef operator=(const TQCharRef& c ) { s.ref(p)=c.unicode(); return *this; }
      |               ^~~~~~~~
/usr/share/tqt3/include/ntqstring.h: In member function 'TQCharRef TQCharRef::operator=(uint)':
/usr/share/tqt3/include/ntqstring.h:782:46: warning: implicitly-declared 'constexpr TQChar& TQChar::operator=(const TQChar&)' is deprecated [-Wdeprecated-copy]
  782 |     TQCharRef operator=(uint rc ) { s.ref(p)=rc; return *this; }
      |                                              ^~
/usr/share/tqt3/include/ntqstring.h:278:8: note: because 'TQChar' has user-provided 'TQChar::TQChar(const TQChar&)'
  278 | inline TQChar::TQChar( const TQChar& c ) : ucs( c.ucs )
      |        ^~~~~~
/usr/share/tqt3/include/ntqstring.h:782:57: warning: implicitly-declared 'constexpr TQCharRef::TQCharRef(const TQCharRef&)' is deprecated [-Wdeprecated-copy]
  782 |     TQCharRef operator=(uint rc ) { s.ref(p)=rc; return *this; }
      |                                                         ^~~~~
/usr/share/tqt3/include/ntqstring.h:779:15: note: because 'TQCharRef' has user-provided 'TQCharRef TQCharRef::operator=(const TQCharRef&)'
  779 |     TQCharRef operator=(const TQCharRef& c ) { s.ref(p)=c.unicode(); return *this; }
      |               ^~~~~~~~
/usr/share/tqt3/include/ntqstring.h: In member function 'TQCharRef TQCharRef::operator=(int)':
/usr/share/tqt3/include/ntqstring.h:783:45: warning: implicitly-declared 'constexpr TQChar& TQChar::operator=(const TQChar&)' is deprecated [-Wdeprecated-copy]
  783 |     TQCharRef operator=(int rc ) { s.ref(p)=rc; return *this; }
      |                                             ^~
/usr/share/tqt3/include/ntqstring.h:278:8: note: because 'TQChar' has user-provided 'TQChar::TQChar(const TQChar&)'
  278 | inline TQChar::TQChar( const TQChar& c ) : ucs( c.ucs )
      |        ^~~~~~
/usr/share/tqt3/include/ntqstring.h:783:56: warning: implicitly-declared 'constexpr TQCharRef::TQCharRef(const TQCharRef&)' is deprecated [-Wdeprecated-copy]
  783 |     TQCharRef operator=(int rc ) { s.ref(p)=rc; return *this; }
      |                                                        ^~~~~
/usr/share/tqt3/include/ntqstring.h:779:15: note: because 'TQCharRef' has user-provided 'TQCharRef TQCharRef::operator=(const TQCharRef&)'
  779 |     TQCharRef operator=(const TQCharRef& c ) { s.ref(p)=c.unicode(); return *this; }
      |               ^~~~~~~~
conftest.cpp: In function 'int main()':
conftest.cpp:52:30: warning: 'this' pointer is null [-Wnonnull]
   52 |             test_timer->start(1000);
      |             ~~~~~~~~~~~~~~~~~^~~~~~
/usr/share/tqt3/include/ntqtimer.h:58:17: note: in a call to non-static member function 'int TQTimer::start(int, bool)'
   58 |     int         start( int msec, bool sshot = FALSE );
      |                 ^~~~~
configure:25924: $? = 0
configure:25955: result: yes
configure:25967: checking for tmoc
configure:26031: result: /usr/bin/tmoc
configure:26040: checking for dcopidl
configure:26099: result: /opt/trinity/bin/dcopidl
configure:26106: checking for dcopidl2cpp
configure:26165: result: /opt/trinity/bin/dcopidl2cpp
configure:26173: checking for mcopidl
configure:26233: result: /opt/trinity/bin/mcopidl
configure:26241: checking for dcopidlng
configure:26300: result: /opt/trinity/bin/dcopidlng
configure:26317: checking if TQt needs -ljpeg
configure:26355: rm -rf SunWS_cache; g++ -o conftest -Wno-long-long -Wundef -D_DEFAULT_SOURCE -Wcast-align -Wchar-subscripts -Wall -W -Wpointer-arith -O2 -g -O2 -Wformat-security -Wmissing-format-attribute -Wno-non-virtual-dtor -fno-exceptions -fno-check-new -fno-common -I/usr/include/tqt -I/usr/share/tqt3/include -I. -include tqt.h   -DTQT_THREAD_SUPPORT  -D_REENTRANT  conftest.cpp -L/usr/lib/x86_64-linux-gnu -ltqt-mt -lpng -lz -lm  -ldl -lXext -lX11 -lSM -lICE 1>&5
In file included from /usr/share/tqt3/include/ntqgdict.h:46,
                 from /usr/share/tqt3/include/ntqasciidict.h:45,
                 from /usr/include/tqt/tqapplication.h:26,
                 from conftest.cpp:46:
/usr/share/tqt3/include/ntqstring.h: In member function 'TQCharRef TQCharRef::operator=(char)':
/usr/share/tqt3/include/ntqstring.h:776:45: warning: implicitly-declared 'constexpr TQChar& TQChar::operator=(const TQChar&)' is deprecated [-Wdeprecated-copy]
  776 |     TQCharRef operator=(char c ) { s.ref(p)=c; return *this; }
      |                                             ^
/usr/share/tqt3/include/ntqstring.h:278:8: note: because 'TQChar' has user-provided 'TQChar::TQChar(const TQChar&)'
  278 | inline TQChar::TQChar( const TQChar& c ) : ucs( c.ucs )
      |        ^~~~~~
/usr/share/tqt3/include/ntqstring.h:776:55: warning: implicitly-declared 'constexpr TQCharRef::TQCharRef(const TQCharRef&)' is deprecated [-Wdeprecated-copy]
  776 |     TQCharRef operator=(char c ) { s.ref(p)=c; return *this; }
      |                                                       ^~~~~
/usr/share/tqt3/include/ntqstring.h:779:15: note: because 'TQCharRef' has user-provided 'TQCharRef TQCharRef::operator=(const TQCharRef&)'
  779 |     TQCharRef operator=(const TQCharRef& c ) { s.ref(p)=c.unicode(); return *this; }
      |               ^~~~~~~~
/usr/share/tqt3/include/ntqstring.h: In member function 'TQCharRef TQCharRef::operator=(uchar)':
/usr/share/tqt3/include/ntqstring.h:777:46: warning: implicitly-declared 'constexpr TQChar& TQChar::operator=(const TQChar&)' is deprecated [-Wdeprecated-copy]
  777 |     TQCharRef operator=(uchar c ) { s.ref(p)=c; return *this; }
      |                                              ^
/usr/share/tqt3/include/ntqstring.h:278:8: note: because 'TQChar' has user-provided 'TQChar::TQChar(const TQChar&)'
  278 | inline TQChar::TQChar( const TQChar& c ) : ucs( c.ucs )
      |        ^~~~~~
/usr/share/tqt3/include/ntqstring.h:777:56: warning: implicitly-declared 'constexpr TQCharRef::TQCharRef(const TQCharRef&)' is deprecated [-Wdeprecated-copy]
  777 |     TQCharRef operator=(uchar c ) { s.ref(p)=c; return *this; }
      |                                                        ^~~~~
/usr/share/tqt3/include/ntqstring.h:779:15: note: because 'TQCharRef' has user-provided 'TQCharRef TQCharRef::operator=(const TQCharRef&)'
  779 |     TQCharRef operator=(const TQCharRef& c ) { s.ref(p)=c.unicode(); return *this; }
      |               ^~~~~~~~
/usr/share/tqt3/include/ntqstring.h: In member function 'TQCharRef TQCharRef::operator=(TQChar)':
/usr/share/tqt3/include/ntqstring.h:778:47: warning: implicitly-declared 'constexpr TQChar& TQChar::operator=(const TQChar&)' is deprecated [-Wdeprecated-copy]
  778 |     TQCharRef operator=(TQChar c ) { s.ref(p)=c; return *this; }
      |                                               ^
/usr/share/tqt3/include/ntqstring.h:278:8: note: because 'TQChar' has user-provided 'TQChar::TQChar(const TQChar&)'
  278 | inline TQChar::TQChar( const TQChar& c ) : ucs( c.ucs )
      |        ^~~~~~
/usr/share/tqt3/include/ntqstring.h:778:57: warning: implicitly-declared 'constexpr TQCharRef::TQCharRef(const TQCharRef&)' is deprecated [-Wdeprecated-copy]
  778 |     TQCharRef operator=(TQChar c ) { s.ref(p)=c; return *this; }
      |                                                         ^~~~~
/usr/share/tqt3/include/ntqstring.h:779:15: note: because 'TQCharRef' has user-provided 'TQCharRef TQCharRef::operator=(const TQCharRef&)'
  779 |     TQCharRef operator=(const TQCharRef& c ) { s.ref(p)=c.unicode(); return *this; }
      |               ^~~~~~~~
/usr/share/tqt3/include/ntqstring.h: In member function 'TQCharRef TQCharRef::operator=(const TQCharRef&)':
/usr/share/tqt3/include/ntqstring.h:779:67: warning: implicitly-declared 'constexpr TQChar& TQChar::operator=(const TQChar&)' is deprecated [-Wdeprecated-copy]
  779 |     TQCharRef operator=(const TQCharRef& c ) { s.ref(p)=c.unicode(); return *this; }
      |                                                                   ^
/usr/share/tqt3/include/ntqstring.h:278:8: note: because 'TQChar' has user-provided 'TQChar::TQChar(const TQChar&)'
  278 | inline TQChar::TQChar( const TQChar& c ) : ucs( c.ucs )
      |        ^~~~~~
/usr/share/tqt3/include/ntqstring.h:779:77: warning: implicitly-declared 'constexpr TQCharRef::TQCharRef(const TQCharRef&)' is deprecated [-Wdeprecated-copy]
  779 |     TQCharRef operator=(const TQCharRef& c ) { s.ref(p)=c.unicode(); return *this; }
      |                                                                             ^~~~~
/usr/share/tqt3/include/ntqstring.h:779:15: note: because 'TQCharRef' has user-provided 'TQCharRef TQCharRef::operator=(const TQCharRef&)'
  779 |     TQCharRef operator=(const TQCharRef& c ) { s.ref(p)=c.unicode(); return *this; }
      |               ^~~~~~~~
/usr/share/tqt3/include/ntqstring.h: In member function 'TQCharRef TQCharRef::operator=(ushort)':
/usr/share/tqt3/include/ntqstring.h:780:48: warning: implicitly-declared 'constexpr TQChar& TQChar::operator=(const TQChar&)' is deprecated [-Wdeprecated-copy]
  780 |     TQCharRef operator=(ushort rc ) { s.ref(p)=rc; return *this; }
      |                                                ^~
/usr/share/tqt3/include/ntqstring.h:278:8: note: because 'TQChar' has user-provided 'TQChar::TQChar(const TQChar&)'
  278 | inline TQChar::TQChar( const TQChar& c ) : ucs( c.ucs )
      |        ^~~~~~
/usr/share/tqt3/include/ntqstring.h:780:59: warning: implicitly-declared 'constexpr TQCharRef::TQCharRef(const TQCharRef&)' is deprecated [-Wdeprecated-copy]
  780 |     TQCharRef operator=(ushort rc ) { s.ref(p)=rc; return *this; }
      |                                                           ^~~~~
/usr/share/tqt3/include/ntqstring.h:779:15: note: because 'TQCharRef' has user-provided 'TQCharRef TQCharRef::operator=(const TQCharRef&)'
  779 |     TQCharRef operator=(const TQCharRef& c ) { s.ref(p)=c.unicode(); return *this; }
      |               ^~~~~~~~
/usr/share/tqt3/include/ntqstring.h: In member function 'TQCharRef TQCharRef::operator=(short int)':
/usr/share/tqt3/include/ntqstring.h:781:47: warning: implicitly-declared 'constexpr TQChar& TQChar::operator=(const TQChar&)' is deprecated [-Wdeprecated-copy]
  781 |     TQCharRef operator=(short rc ) { s.ref(p)=rc; return *this; }
      |                                               ^~
/usr/share/tqt3/include/ntqstring.h:278:8: note: because 'TQChar' has user-provided 'TQChar::TQChar(const TQChar&)'
  278 | inline TQChar::TQChar( const TQChar& c ) : ucs( c.ucs )
      |        ^~~~~~
/usr/share/tqt3/include/ntqstring.h:781:58: warning: implicitly-declared 'constexpr TQCharRef::TQCharRef(const TQCharRef&)' is deprecated [-Wdeprecated-copy]
  781 |     TQCharRef operator=(short rc ) { s.ref(p)=rc; return *this; }
      |                                                          ^~~~~
/usr/share/tqt3/include/ntqstring.h:779:15: note: because 'TQCharRef' has user-provided 'TQCharRef TQCharRef::operator=(const TQCharRef&)'
  779 |     TQCharRef operator=(const TQCharRef& c ) { s.ref(p)=c.unicode(); return *this; }
      |               ^~~~~~~~
/usr/share/tqt3/include/ntqstring.h: In member function 'TQCharRef TQCharRef::operator=(uint)':
/usr/share/tqt3/include/ntqstring.h:782:46: warning: implicitly-declared 'constexpr TQChar& TQChar::operator=(const TQChar&)' is deprecated [-Wdeprecated-copy]
  782 |     TQCharRef operator=(uint rc ) { s.ref(p)=rc; return *this; }
      |                                              ^~
/usr/share/tqt3/include/ntqstring.h:278:8: note: because 'TQChar' has user-provided 'TQChar::TQChar(const TQChar&)'
  278 | inline TQChar::TQChar( const TQChar& c ) : ucs( c.ucs )
      |        ^~~~~~
/usr/share/tqt3/include/ntqstring.h:782:57: warning: implicitly-declared 'constexpr TQCharRef::TQCharRef(const TQCharRef&)' is deprecated [-Wdeprecated-copy]
  782 |     TQCharRef operator=(uint rc ) { s.ref(p)=rc; return *this; }
      |                                                         ^~~~~
/usr/share/tqt3/include/ntqstring.h:779:15: note: because 'TQCharRef' has user-provided 'TQCharRef TQCharRef::operator=(const TQCharRef&)'
  779 |     TQCharRef operator=(const TQCharRef& c ) { s.ref(p)=c.unicode(); return *this; }
      |               ^~~~~~~~
/usr/share/tqt3/include/ntqstring.h: In member function 'TQCharRef TQCharRef::operator=(int)':
/usr/share/tqt3/include/ntqstring.h:783:45: warning: implicitly-declared 'constexpr TQChar& TQChar::operator=(const TQChar&)' is deprecated [-Wdeprecated-copy]
  783 |     TQCharRef operator=(int rc ) { s.ref(p)=rc; return *this; }
      |                                             ^~
/usr/share/tqt3/include/ntqstring.h:278:8: note: because 'TQChar' has user-provided 'TQChar::TQChar(const TQChar&)'
  278 | inline TQChar::TQChar( const TQChar& c ) : ucs( c.ucs )
      |        ^~~~~~
/usr/share/tqt3/include/ntqstring.h:783:56: warning: implicitly-declared 'constexpr TQCharRef::TQCharRef(const TQCharRef&)' is deprecated [-Wdeprecated-copy]
  783 |     TQCharRef operator=(int rc ) { s.ref(p)=rc; return *this; }
      |                                                        ^~~~~
/usr/share/tqt3/include/ntqstring.h:779:15: note: because 'TQCharRef' has user-provided 'TQCharRef TQCharRef::operator=(const TQCharRef&)'
  779 |     TQCharRef operator=(const TQCharRef& c ) { s.ref(p)=c.unicode(); return *this; }
      |               ^~~~~~~~
conftest.cpp: In function 'int main()':
conftest.cpp:53:41: warning: 'argv' is used uninitialized [-Wuninitialized]
   53 |             TQApplication app(argc, argv);
      |                                         ^
conftest.cpp:52:20: note: 'argv' was declared here
   52 |             char** argv;
      |                    ^~~~
configure:26355: $? = 0
configure:26383: result: no
configure:26415: checking for rpath
configure:26448: result: yes
configure:26451: checking for KDE
configure: 26500: /opt/trinity/include/ksharedptr.h
taking that
configure: 26526: /opt/trinity/lib/libtdeio.la
taking that
configure: 26544: /opt/trinity/lib/trinity/plugins/designer/tdewidgets.la
taking that
configure:26609: result: libraries /opt/trinity/lib, headers /opt/trinity/include
configure:26648: checking if UIC has TDE plugins available
configure:26679: /usr/bin/uic-tqt -L /opt/trinity/lib/trinity/plugins/designer -nounload -impl actest.h actest.ui > actest.cpp
configure:26682: $? = 0
configure:26696: result: yes
configure:26739: checking for TDE paths
configure:27012: result: defaults
configure:27057: checking for dcopidl
configure:27116: result: /opt/trinity/bin/dcopidl
configure:27123: checking for dcopidl2cpp
configure:27182: result: /opt/trinity/bin/dcopidl2cpp
configure:27190: checking for mcopidl
configure:27250: result: /opt/trinity/bin/mcopidl
configure:27257: checking for artsc-config
configure:27317: result: /opt/trinity/bin/artsc-config
configure:27325: checking for meinproc
configure:27380: result: /opt/trinity/bin/meinproc
configure:27398: checking for tdeconfig_compiler
configure:27457: result: /opt/trinity/bin/tdeconfig_compiler
configure:27464: checking for dcopidlng
configure:27523: result: /opt/trinity/bin/dcopidlng
configure:27530: checking for maketdewidgets
configure:27589: result: /opt/trinity/bin/maketdewidgets
configure:27598: checking for xmllint
configure:27653: result: /usr/bin/xmllint
configure: 27669: /opt/trinity/share/apps/ksgmltools2/customization/tde-chunk.xsl
taking that
configure:27786: checking whether byte ordering is bigendian
configure:28001: result: no
configure:28020: checking for MAXPATHLEN
configure:28043: gcc -E  -DTQT_THREAD_SUPPORT  -D_REENTRANT conftest.c 2>/dev/null | grep '^KDE_HELLO' >conftest.out
configure:28046: $? = 0
configure:28058: result: 
configure:28091: checking if doc should be compiled
configure:28103: result: yes
configure:28091: checking if src should be compiled
configure:28103: result: yes
configure:28223: checking that generated files are newer than configure
configure:28229: result: done
configure:28278: creating ./config.status

## ---------------------- ##
## Running config.status. ##
## ---------------------- ##

This file was extended by config.status, which was
generated by GNU Autoconf 2.71.  Invocation command line was

  CONFIG_FILES    = 
  CONFIG_HEADERS  = 
  CONFIG_LINKS    = 
  CONFIG_COMMANDS = 
  $ ./config.status 

on Q4OS-1

config.status:1326: creating Makefile
config.status:1326: creating doc/Makefile
config.status:1326: creating src/Makefile
config.status:1326: creating config.h
config.status:1507: config.h is unchanged
config.status:1555: executing depfiles commands
config.status:1632: cd src       && sed -e '/# am--include-marker/d' Makefile         | make -f - am--depfiles
make: Nothing to be done for 'am--depfiles'.
config.status:1637: $? = 0
config.status:1555: executing libtool commands

## ---------------- ##
## Cache variables. ##
## ---------------- ##

ac_cv_build=x86_64-pc-linux-gnu
ac_cv_c_bigendian=no
ac_cv_c_compiler_gnu=yes
ac_cv_cxx_compiler_gnu=yes
ac_cv_env_CCC_set=
ac_cv_env_CCC_value=
ac_cv_env_CC_set=
ac_cv_env_CC_value=
ac_cv_env_CFLAGS_set=
ac_cv_env_CFLAGS_value=
ac_cv_env_CPPFLAGS_set=
ac_cv_env_CPPFLAGS_value=
ac_cv_env_CPP_set=
ac_cv_env_CPP_value=
ac_cv_env_CXXCPP_set=
ac_cv_env_CXXCPP_value=
ac_cv_env_CXXFLAGS_set=
ac_cv_env_CXXFLAGS_value=
ac_cv_env_CXX_set=
ac_cv_env_CXX_value=
ac_cv_env_LDFLAGS_set=
ac_cv_env_LDFLAGS_value=
ac_cv_env_LIBS_set=
ac_cv_env_LIBS_value=
ac_cv_env_LT_SYS_LIBRARY_PATH_set=
ac_cv_env_LT_SYS_LIBRARY_PATH_value=
ac_cv_env_XMKMF_set=
ac_cv_env_XMKMF_value=
ac_cv_env_build_alias_set=
ac_cv_env_build_alias_value=
ac_cv_env_host_alias_set=
ac_cv_env_host_alias_value=
ac_cv_env_target_alias_set=
ac_cv_env_target_alias_value=
ac_cv_func__NSGetEnviron=no
ac_cv_func_connect=yes
ac_cv_func_dlopen=yes
ac_cv_func_inet_ntoa=yes
ac_cv_func_remove=yes
ac_cv_func_shl_load=no
ac_cv_func_shmat=yes
ac_cv_func_snprintf=yes
ac_cv_func_vsnprintf=yes
ac_cv_have_dlfcn=yes
ac_cv_have_kde='have_kde=yes     ac_kde_includes=/opt/trinity/include ac_kde_libraries=/opt/trinity/lib'
ac_cv_have_tqt='have_tqt=yes     ac_tqt_includes=/usr/share/tqt3/include ac_tqt_libraries=/usr/lib/x86_64-linux-gnu'
ac_cv_header_Carbon_Carbon_h=no
ac_cv_header_CoreAudio_CoreAudio_h=no
ac_cv_header_crt_externs_h=no
ac_cv_header_dlfcn_h=yes
ac_cv_header_inttypes_h=yes
ac_cv_header_stdint_h=yes
ac_cv_header_stdio_h=yes
ac_cv_header_stdlib_h=yes
ac_cv_header_string_h=yes
ac_cv_header_strings_h=yes
ac_cv_header_sys_bitypes_h=yes
ac_cv_header_sys_stat_h=yes
ac_cv_header_sys_types_h=yes
ac_cv_header_unistd_h=yes
ac_cv_host=x86_64-pc-linux-gnu
ac_cv_lib_ICE_IceConnectionNumber=yes
ac_cv_lib_compat_main=no
ac_cv_lib_crypt_crypt=yes
ac_cv_lib_dl_dlopen=yes
ac_cv_lib_dld_shl_load=no
ac_cv_lib_dld_shl_unload=no
ac_cv_lib_dnet_dnet_ntoa=no
ac_cv_lib_dnet_stub_dnet_ntoa=no
ac_cv_lib_jpeg_6b=no
ac_cv_lib_jpeg_normal=-ljpeg
ac_cv_lib_png='-lpng -lz -lm'
ac_cv_lib_poll_poll=no
ac_cv_lib_pthread_pthread_create=yes
ac_cv_lib_ucb_killpg=no
ac_cv_lib_util_main=yes
ac_cv_lib_z=-lz
ac_cv_maxpathlen=
ac_cv_objext=o
ac_cv_path_EGREP='/usr/bin/grep -E'
ac_cv_path_FGREP='/usr/bin/grep -F'
ac_cv_path_GMSGFMT=/usr/bin/msgfmt
ac_cv_path_GREP=/usr/bin/grep
ac_cv_path_MSGFMT=/usr/bin/msgfmt
ac_cv_path_PKG_CONFIG=/usr/bin/pkg-config
ac_cv_path_SED=/usr/bin/sed
ac_cv_path_XGETTEXT=/usr/bin/xgettext
ac_cv_path_install='/usr/bin/install -c'
ac_cv_path_lt_DD=/usr/bin/dd
ac_cv_path_mkdir=/usr/bin/mkdir
ac_cv_prog_AWK=gawk
ac_cv_prog_CPP='gcc -E'
ac_cv_prog_CXXCPP='g++ -E'
ac_cv_prog_ac_ct_AR=ar
ac_cv_prog_ac_ct_CC=gcc
ac_cv_prog_ac_ct_CXX=g++
ac_cv_prog_ac_ct_FILECMD=file
ac_cv_prog_ac_ct_MANIFEST_TOOL=mt
ac_cv_prog_ac_ct_OBJDUMP=objdump
ac_cv_prog_ac_ct_RANLIB=ranlib
ac_cv_prog_ac_ct_STRIP=strip
ac_cv_prog_cc_c11=
ac_cv_prog_cc_g=yes
ac_cv_prog_cc_stdc=
ac_cv_prog_cxx_cxx11=
ac_cv_prog_cxx_g=yes
ac_cv_prog_cxx_stdcxx=
ac_cv_prog_make_make_set=yes
ac_cv_sizeof_char_p=8
ac_cv_sizeof_int=4
ac_cv_sizeof_long=8
ac_cv_sizeof_short=2
ac_cv_sizeof_size_t=8
ac_cv_sizeof_unsigned_long=8
ac_cv_target=x86_64-pc-linux-gnu
am_cv_CC_dependencies_compiler_type=gcc3
am_cv_CXX_dependencies_compiler_type=gcc3
am_cv_make_support_nested_variables=yes
am_cv_prog_cc_c_o=yes
kde_cv_all_paths='kde_have_all_paths="yes" 	kde_htmldir="\${datadir}/doc/tde/HTML" 	kde_appsdir="\${datadir}/applnk" 	kde_icondir="\${datadir}/icons" 	kde_sounddir="\${datadir}/sounds" 	kde_datadir="\${datadir}/apps" 	kde_locale="\${datadir}/locale" 	kde_cgidir="\${exec_prefix}/cgi-bin" 	kde_confdir="\${datadir}/config" 	kde_kcfgdir="\${datadir}/config.kcfg" 	kde_mimedir="\${datadir}/mimelnk" 	kde_toolbardir="\${datadir}/toolbar" 	kde_wallpaperdir="\${datadir}/wallpapers" 	kde_templatesdir="\${datadir}/templates" 	kde_bindir="\${exec_prefix}/bin" 	kde_servicesdir="\${datadir}/services" 	kde_servicetypesdir="\${datadir}/servicetypes" 	kde_moduledir="\${libdir}/trinity" 	kde_styledir="\${libdir}/trinity/plugins/styles" 	kde_widgetdir="/opt/trinity/lib/trinity/plugins/designer" 	xdg_appsdir="\${datadir}/applications/tde" 	xdg_menudir="\${sysconfdir}/xdg/menus" 	xdg_directorydir="\${datadir}/desktop-directories" 	kde_result=defaults'
kde_cv_func_res_init=yes
kde_cv_func_strlcat=no
kde_cv_func_strlcpy=no
kde_cv_have_libXext=yes
kde_cv_have_x='have_x=yes          kde_x_includes=. kde_x_libraries=/usr/lib'
kde_cv_opt_noinline_match=irrelevant
kde_cv_path=/usr/bin/xmllint
kde_cv_path_artsc_config=/opt/trinity/bin/artsc-config
kde_cv_path_dcopidl2cpp=/opt/trinity/bin/dcopidl2cpp
kde_cv_path_dcopidl=/opt/trinity/bin/dcopidl
kde_cv_path_dcopidlng=/opt/trinity/bin/dcopidlng
kde_cv_path_maketdewidgets=/opt/trinity/bin/maketdewidgets
kde_cv_path_mcopidl=/opt/trinity/bin/mcopidl
kde_cv_path_meinproc=/opt/trinity/bin/meinproc
kde_cv_path_perl=/usr/bin/perl
kde_cv_path_tde_config=/opt/trinity/bin/tde-config
kde_cv_path_tdeconfig_compiler=/opt/trinity/bin/tdeconfig_compiler
kde_cv_path_tmoc=/usr/bin/tmoc
kde_cv_path_tqmoc=/usr/share/tqt3/bin/tqmoc
kde_cv_path_uic_tqt=/usr/bin/uic-tqt
kde_cv_path_xmllint=/usr/bin/xmllint
kde_cv_prog_cc_Wmissing_format_attribute=yes
kde_cv_prog_cxx_O0=yes
kde_cv_prog_cxx_Wl___allow_shlib_undefined=yes
kde_cv_prog_cxx_Wl___no_undefined=yes
kde_cv_prog_cxx_Wmissing_format_attribute=yes
kde_cv_prog_cxx_Wno_long_long=yes
kde_cv_prog_cxx_Wno_non_virtual_dtor=yes
kde_cv_prog_cxx_Wundef=yes
kde_cv_prog_cxx_fexceptions=yes
kde_cv_prog_cxx_fno_check_new=yes
kde_cv_prog_cxx_fno_common=yes
kde_cv_prog_cxx_fno_exceptions=yes
kde_cv_prog_cxx_fno_reorder_blocks=yes
kde_cv_prog_uic_L=yes
kde_cv_prog_uic_nounload=yes
kde_cv_proto_res_init=no
kde_cv_proto_strlcat='yes - in libtdefakes'
kde_cv_proto_strlcpy='yes - in libtdefakes'
kde_cv_socklen_t=yes
kde_cv_socklen_t_equiv=socklen_t
kde_cv_stl_works=yes
kde_cv_tqt=no
kde_cv_tqt_jpeg=no
kde_cv_uic_plugins=yes
kde_cv_val_pie_support=yes
lt_cv_ar_at_file=@
lt_cv_archive_cmds_need_lc=no
lt_cv_deplibs_check_method=pass_all
lt_cv_dlopen=dlopen
lt_cv_dlopen_libs=
lt_cv_dlopen_self=yes
lt_cv_dlopen_self_static=no
lt_cv_file_magic_cmd='$MAGIC_CMD'
lt_cv_file_magic_test_file=
lt_cv_ld_reload_flag=-r
lt_cv_nm_interface='BSD nm'
lt_cv_objdir=.libs
lt_cv_path_LD=/usr/bin/ld
lt_cv_path_LDCXX='/usr/bin/ld -m elf_x86_64'
lt_cv_path_NM='/usr/bin/nm -B'
lt_cv_path_mainfest_tool=no
lt_cv_prog_compiler_c_o=yes
lt_cv_prog_compiler_c_o_CXX=yes
lt_cv_prog_compiler_pic='-fPIC -DPIC'
lt_cv_prog_compiler_pic_CXX='-fPIC -DPIC'
lt_cv_prog_compiler_pic_works=yes
lt_cv_prog_compiler_pic_works_CXX=yes
lt_cv_prog_compiler_rtti_exceptions=no
lt_cv_prog_compiler_static_works=yes
lt_cv_prog_compiler_static_works_CXX=yes
lt_cv_prog_gnu_ld=yes
lt_cv_prog_gnu_ldcxx=yes
lt_cv_sharedlib_from_linklib_cmd='printf %s\n'
lt_cv_shlibpath_overrides_runpath=yes
lt_cv_sys_global_symbol_pipe='/usr/bin/sed -n -e '\''s/^.*[	 ]\([ABCDGIRSTW][ABCDGIRSTW]*\)[	 ][	 ]*\([_A-Za-z][_A-Za-z0-9]*\)$/\1 \2 \2/p'\'' | /usr/bin/sed '\''/ __gnu_lto/d'\'''
lt_cv_sys_global_symbol_to_c_name_address='/usr/bin/sed -n -e '\''s/^: \(.*\) .*$/  {"\1", (void *) 0},/p'\'' -e '\''s/^[ABCDGIRSTW][ABCDGIRSTW]* .* \(.*\)$/  {"\1", (void *) \&\1},/p'\'''
lt_cv_sys_global_symbol_to_c_name_address_lib_prefix='/usr/bin/sed -n -e '\''s/^: \(.*\) .*$/  {"\1", (void *) 0},/p'\'' -e '\''s/^[ABCDGIRSTW][ABCDGIRSTW]* .* \(lib.*\)$/  {"\1", (void *) \&\1},/p'\'' -e '\''s/^[ABCDGIRSTW][ABCDGIRSTW]* .* \(.*\)$/  {"lib\1", (void *) \&\1},/p'\'''
lt_cv_sys_global_symbol_to_cdecl='/usr/bin/sed -n -e '\''s/^T .* \(.*\)$/extern int \1();/p'\'' -e '\''s/^[ABCDGIRSTW][ABCDGIRSTW]* .* \(.*\)$/extern char \1;/p'\'''
lt_cv_sys_global_symbol_to_import=
lt_cv_sys_max_cmd_len=1572864
lt_cv_to_host_file_cmd=func_convert_file_noop
lt_cv_to_tool_file_cmd=func_convert_file_noop
lt_cv_truncate_bin='/usr/bin/dd bs=4096 count=1'
tde_cv_cxx_compile_cxx11=yes

## ----------------- ##
## Output variables. ##
## ----------------- ##

ACLOCAL='aclocal-1.16'
AMDEPBACKSLASH='\'
AMDEP_FALSE='#'
AMDEP_TRUE=''
AMTAR='$${TAR-tar}'
AM_BACKSLASH='\'
AM_DEFAULT_V='$(AM_DEFAULT_VERBOSITY)'
AM_DEFAULT_VERBOSITY='1'
AM_V='$(V)'
AR='ar'
ARTSCCONFIG='/opt/trinity/bin/artsc-config'
AUTOCONF='$(SHELL) $(top_srcdir)/admin/cvs.sh configure || touch configure'
AUTODIRS=''
AUTOHEADER='autoheader'
AUTOMAKE='automake-1.16'
AWK='gawk'
CC='gcc'
CCDEPMODE='depmode=gcc3'
CFLAGS='-W -Wall -Wchar-subscripts -Wshadow -Wpointer-arith -Wmissing-prototypes -Wwrite-strings -D_DEFAULT_SOURCE -O2  -g -O2 -Wformat-security -Wmissing-format-attribute -I/usr/include/tqt -O2 -flto -ffunction-sections -fdata-sections -fomit-frame-pointer -ffast-math -fmerge-all-constants'
CONF_FILES=' $(top_srcdir)/./admin/configure.in.min $(top_srcdir)/configure.in.in'
CPP='gcc -E'
CPPFLAGS=' -DTQT_THREAD_SUPPORT  -D_REENTRANT'
CSCOPE='cscope'
CTAGS='ctags'
CXX='g++'
CXXCPP='g++ -E'
CXXDEPMODE='depmode=gcc3'
CXXFLAGS='-Wno-long-long -Wundef -D_DEFAULT_SOURCE -Wcast-align -Wchar-subscripts -Wall -W -Wpointer-arith -O2 -g -O2 -Wformat-security -Wmissing-format-attribute -Wno-non-virtual-dtor -fno-exceptions -fno-check-new -fno-common -I/usr/include/tqt -O2 -flto -ffunction-sections -fdata-sections -fomit-frame-pointer -ffast-math -fmerge-all-constants -fno-rtti'
CYGPATH_W='echo'
DCOPIDL2CPP='/opt/trinity/bin/dcopidl2cpp'
DCOPIDL='/opt/trinity/bin/dcopidl'
DCOPIDLNG='/opt/trinity/bin/dcopidlng'
DCOP_DEPENDENCIES='$(DCOPIDL) $(DCOPIDLNG)'
DEFS='-DHAVE_CONFIG_H'
DEPDIR='.deps'
DLLTOOL='false'
DSYMUTIL=''
DUMPBIN=''
ECHO_C=''
ECHO_N='-n'
ECHO_T=''
EGREP='/usr/bin/grep -E'
ENABLE_PERMISSIVE_FLAG='-fpermissive'
ETAGS='etags'
EXEEXT=''
FGREP='/usr/bin/grep -F'
FILECMD='file'
FRAMEWORK_COREAUDIO=''
GMSGFMT='/usr/bin/msgfmt'
GREP='/usr/bin/grep'
HAVE_CXX11='1'
HAVE_GCC_VISIBILITY='0'
INSTALL_DATA='${INSTALL} -m 644'
INSTALL_PROGRAM='${INSTALL} $(INSTALL_STRIP_FLAG)'
INSTALL_SCRIPT='${INSTALL}'
INSTALL_STRIP_PROGRAM='$(install_sh) -c -s'
KCFG_DEPENDENCIES='$(KCONFIG_COMPILER)'
KCONFIG_COMPILER='/opt/trinity/bin/tdeconfig_compiler'
KDECONFIG='/opt/trinity/bin/tde-config'
KDE_CHECK_PLUGIN='$(KDE_PLUGIN) -rpath $(libdir)'
KDE_EXTRA_RPATH=''
KDE_INCLUDES='-I/opt/trinity/include'
KDE_LDFLAGS='-L/opt/trinity/lib'
KDE_MT_LDFLAGS=''
KDE_MT_LIBS='-lpthread'
KDE_NO_UNDEFINED='-Wl,--no-undefined -Wl,--allow-shlib-undefined'
KDE_PLUGIN='-avoid-version -module -no-undefined $(KDE_NO_UNDEFINED) $(KDE_RPATH) $(KDE_MT_LDFLAGS)'
KDE_RPATH='-R $(libdir) -R $(kde_libraries) -R $(tqt_libraries)'
KDE_USE_CLOSURE_FALSE=''
KDE_USE_CLOSURE_TRUE='#'
KDE_USE_FINAL_FALSE=''
KDE_USE_FINAL_TRUE='#'
KDE_USE_FPIE='-fPIE'
KDE_USE_NMCHECK_FALSE=''
KDE_USE_NMCHECK_TRUE='#'
KDE_USE_PIE='-pie'
KDE_XSL_STYLESHEET='/opt/trinity/share/apps/ksgmltools2/customization/tde-chunk.xsl'
LD='/usr/bin/ld -m elf_x86_64'
LDFLAGS=' -Wl,--gc-sections,--as-needed,--strip-all,-O1'
LDFLAGS_AS_NEEDED=''
LDFLAGS_NEW_DTAGS=''
LIBCOMPAT=''
LIBCRYPT='-lcrypt'
LIBDL='-ldl'
LIBJPEG='-ljpeg'
LIBOBJS=''
LIBPNG='-lpng -lz -lm'
LIBPTHREAD='-lpthread'
LIBRESOLV='-lresolv'
LIBS=''
LIBSM='-lSM -lICE'
LIBSOCKET=''
LIBTOOL='$(SHELL) $(top_builddir)/libtool'
LIBTQT_LDFLAGS='-ltqt'
LIBUCB=''
LIBUTIL='-lutil'
LIBZ='-lz'
LIB_KAB='-lkab'
LIB_KDED=''
LIB_KJS='-lkjs'
LIB_POLL=''
LIB_QPE=''
LIB_QUI='-ltqui'
LIB_SMB='-lsmb'
LIB_TDEABC='-ltdeabc'
LIB_TDECORE='-ltdecore'
LIB_TDEDNSSD='-ltdednssd'
LIB_TDEFILE='-ltdeio'
LIB_TDEHTML='-ltdehtml'
LIB_TDEIMPROXY='-ltdeimproxy'
LIB_TDEIO='-ltdeio'
LIB_TDENEWSTUFF='-ltdenewstuff'
LIB_TDEPARTS='-ltdeparts'
LIB_TDEPIM='-ltdepim'
LIB_TDEPRINT='-ltdeprint'
LIB_TDESPELL='-ltdespell'
LIB_TDESYCOCA='-ltdeio'
LIB_TDEUI='-ltdeui'
LIB_TDEUNITTEST='-ltdeunittest'
LIB_TDEUTILS='-ltdeutils'
LIB_TQT='-ltqt-mt  $(LIBZ) $(LIBPNG) -lXext $(LIB_X11) $(LIBSM) $(LIBTQT_LDFLAGS) -lpthread'
LIB_X11='-lX11 $(LIBSOCKET)'
LIB_XEXT='-lXext'
LIB_XRENDER=''
LIPO=''
LN_S='ln -s'
LTLIBOBJS=''
LT_SYS_LIBRARY_PATH=''
MAKEINFO='makeinfo'
MAKETDEWIDGETS='/opt/trinity/bin/maketdewidgets'
MANIFEST_TOOL=':'
MCOPIDL='/opt/trinity/bin/mcopidl'
MEINPROC='/opt/trinity/bin/meinproc'
MKDIR_P='/usr/bin/mkdir -p'
MOC='/usr/share/tqt3/bin/tqmoc'
MSGFMT='/usr/bin/msgfmt'
NM='/usr/bin/nm -B'
NMEDIT=''
NOOPT_CFLAGS='-O0'
NOOPT_CXXFLAGS='-O0'
OBJDUMP='objdump'
OBJEXT='o'
OTOOL64=''
OTOOL=''
PACKAGE='qsidebar_applet'
PACKAGE_BUGREPORT=''
PACKAGE_NAME=''
PACKAGE_STRING=''
PACKAGE_TARNAME=''
PACKAGE_URL=''
PACKAGE_VERSION=''
PATH_SEPARATOR=':'
PERL='/usr/bin/perl'
PKG_CONFIG='/usr/bin/pkg-config'
RANLIB='ranlib'
SED='/usr/bin/sed'
SET_MAKE=''
SHELL='/bin/bash'
STRIP='strip'
TOPSUBDIRS=' doc src'
TQTDCOPIDL2CPP='/opt/trinity/bin/dcopidl2cpp'
TQTDCOPIDL='/opt/trinity/bin/dcopidl'
TQTDCOPIDLNG='/opt/trinity/bin/dcopidlng'
TQTE_NORTTI=''
TQTMCOPIDL='/opt/trinity/bin/mcopidl'
TQTMOC='/usr/bin/tmoc'
TQT_INCLUDES='-I/usr/share/tqt3/include -include tqt.h'
TQT_LDFLAGS='-L/usr/lib/x86_64-linux-gnu -ltqt'
UIC='/usr/bin/uic-tqt -L $(kde_widgetdir) -nounload'
UIC_TR='tr2i18n'
USER_INCLUDES=''
USER_LDFLAGS=''
USE_EXCEPTIONS='-fexceptions'
USE_RTTI=''
USE_THREADS=''
VERSION='0.1'
WOVERLOADED_VIRTUAL=''
XGETTEXT='/usr/bin/xgettext'
XMKMF=''
XMLLINT='/usr/bin/xmllint'
X_EXTRA_LIBS=''
X_INCLUDES='-I.'
X_LDFLAGS=''
X_PRE_LIBS=''
X_RPATH=''
ac_ct_AR='ar'
ac_ct_CC='gcc'
ac_ct_CXX='g++'
ac_ct_DUMPBIN=''
all_includes='-I/opt/trinity/include -I/usr/share/tqt3/include -I. -include tqt.h '
all_libraries='-L/opt/trinity/lib -L/usr/lib/x86_64-linux-gnu    '
am__EXEEXT_FALSE=''
am__EXEEXT_TRUE='#'
am__fastdepCC_FALSE='#'
am__fastdepCC_TRUE=''
am__fastdepCXX_FALSE='#'
am__fastdepCXX_TRUE=''
am__include='include'
am__isrc=''
am__leading_dot='.'
am__nodep='_no'
am__quote=''
am__tar='$${TAR-tar} chof - "$$tardir"'
am__untar='$${TAR-tar} xf -'
bindir='${exec_prefix}/bin'
build='x86_64-pc-linux-gnu'
build_alias=''
build_cpu='x86_64'
build_os='linux-gnu'
build_vendor='pc'
datadir='${datarootdir}'
datarootdir='${prefix}/share'
docdir='${datarootdir}/doc/${PACKAGE}'
dvidir='${docdir}'
exec_prefix='${prefix}'
host='x86_64-pc-linux-gnu'
host_alias=''
host_cpu='x86_64'
host_os='linux-gnu'
host_vendor='pc'
htmldir='${docdir}'
include_ARTS_FALSE='#'
include_ARTS_TRUE=''
include_x11_FALSE='#'
include_x11_TRUE=''
includedir='${prefix}/include'
infodir='${datarootdir}/info'
install_sh='${SHELL} /home/cdef/live_tools/sidebar/kickapplet/admin/install-sh'
kde_appsdir='${datadir}/applnk'
kde_bindir='${exec_prefix}/bin'
kde_confdir='${datadir}/config'
kde_datadir='${datadir}/apps'
kde_htmldir='${datadir}/doc/tde/HTML'
kde_icondir='${datadir}/icons'
kde_includes='/opt/trinity/include'
kde_kcfgdir='${datadir}/config.kcfg'
kde_libraries='/opt/trinity/lib'
kde_libs_htmldir='/opt/trinity/share/doc/tde/HTML'
kde_libs_prefix='/opt/trinity'
kde_locale='${datadir}/locale'
kde_mimedir='${datadir}/mimelnk'
kde_moduledir='${libdir}/trinity'
kde_servicesdir='${datadir}/services'
kde_servicetypesdir='${datadir}/servicetypes'
kde_sounddir='${datadir}/sounds'
kde_styledir='${libdir}/trinity/plugins/styles'
kde_templatesdir='${datadir}/templates'
kde_tqtver='3'
kde_wallpaperdir='${datadir}/wallpapers'
kde_widgetdir='/opt/trinity/lib/trinity/plugins/designer'
libdir='${exec_prefix}/lib'
libexecdir='${exec_prefix}/libexec'
localedir='${datarootdir}/locale'
localstatedir='${prefix}/var'
mandir='${datarootdir}/man'
mkdir_p='$(MKDIR_P)'
oldincludedir='/usr/include'
pdfdir='${docdir}'
prefix='/opt/trinity'
program_transform_name='s,x,x,'
psdir='${docdir}'
runstatedir='${localstatedir}/run'
sbindir='${exec_prefix}/sbin'
sharedstatedir='${prefix}/com'
sysconfdir='${prefix}/etc'
target='x86_64-pc-linux-gnu'
target_alias=''
target_cpu='x86_64'
target_os='linux-gnu'
target_vendor='pc'
tdeinitdir='$(kde_moduledir)'
tqt_includes='/usr/share/tqt3/include'
tqt_libraries='/usr/lib/x86_64-linux-gnu'
unsermake_enable_pch_FALSE=''
unsermake_enable_pch_TRUE='#'
x_includes='.'
x_libraries='/usr/lib'
xdg_appsdir='${datadir}/applications/tde'
xdg_directorydir='${datadir}/desktop-directories'
xdg_menudir='${sysconfdir}/xdg/menus'

## ----------- ##
## confdefs.h. ##
## ----------- ##

/* confdefs.h */
#define PACKAGE_NAME ""
#define PACKAGE_TARNAME ""
#define PACKAGE_VERSION ""
#define PACKAGE_STRING ""
#define PACKAGE_BUGREPORT ""
#define PACKAGE_URL ""
#define PACKAGE "qsidebar_applet"
#define VERSION "0.1"
#define HAVE_CXX11 1
#define HAVE_STDIO_H 1
#define HAVE_STDLIB_H 1
#define HAVE_STRING_H 1
#define HAVE_INTTYPES_H 1
#define HAVE_STDINT_H 1
#define HAVE_STRINGS_H 1
#define HAVE_SYS_STAT_H 1
#define HAVE_SYS_TYPES_H 1
#define HAVE_UNISTD_H 1
#define STDC_HEADERS 1
#define KDELIBSUFF ""
#define HAVE_DLFCN_H 1
#define LT_OBJDIR ".libs/"
#define HAVE_SGI_STL 1
#define HAVE_CRYPT 1
#define kde_socklen_t socklen_t
#define HAVE_SYS_TYPES_H 1
#define HAVE_STDINT_H 1
#define HAVE_SYS_BITYPES_H 1
#define HAVE_RES_INIT 1
#define HAVE_RES_INIT 1
#define HAVE_RES_INIT_PROTO 1
#define SIZEOF_INT 4
#define SIZEOF_SHORT 2
#define SIZEOF_LONG 8
#define SIZEOF_CHAR_P 8
#define SIZEOF_SIZE_T 8
#define SIZEOF_UNSIGNED_LONG 8
#define HAVE_VSNPRINTF 1
#define HAVE_SNPRINTF 1
#define HAVE_LIBZ 1
#define HAVE_LIBPNG 1
#define HAVE_LIBJPEG 1
#define HAVE_LIBPTHREAD 1
#define KDEMAXPATHLEN 

configure: exit 0
